file,line,type,commit,author,date,time,timezone,datetime,depth,length
style.css,1,css,50f4f51c,dkanodia,2025-04-11,22:21:51,-07:00,2025-04-11T22:21:51-07:00,0,6
style.css,2,css,50f4f51c,dkanodia,2025-04-11,22:21:51,-07:00,2025-04-11T22:21:51-07:00,0,32
style.css,3,css,50f4f51c,dkanodia,2025-04-11,22:21:51,-07:00,2025-04-11T22:21:51-07:00,0,23
style.css,4,css,972228be,dkanodia,2025-05-02,22:35:26,-07:00,2025-05-02T22:35:26-07:00,0,40
style.css,5,css,50f4f51c,dkanodia,2025-04-11,22:21:51,-07:00,2025-04-11T22:21:51-07:00,0,0
style.css,6,css,50f4f51c,dkanodia,2025-04-11,22:21:51,-07:00,2025-04-11T22:21:51-07:00,0,0
style.css,7,css,50f4f51c,dkanodia,2025-04-11,22:21:51,-07:00,2025-04-11T22:21:51-07:00,0,5
style.css,8,css,50f4f51c,dkanodia,2025-04-11,22:21:51,-07:00,2025-04-11T22:21:51-07:00,0,33
style.css,9,css,972228be,dkanodia,2025-05-02,22:35:26,-07:00,2025-05-02T22:35:26-07:00,0,24
style.css,10,css,50f4f51c,dkanodia,2025-04-11,22:21:51,-07:00,2025-04-11T22:21:51-07:00,0,0
style.css,11,css,50f4f51c,dkanodia,2025-04-11,22:21:51,-07:00,2025-04-11T22:21:51-07:00,0,0
style.css,12,css,bb034a18,dkanodia,2025-04-02,22:03:06,-07:00,2025-04-02T22:03:06-07:00,0,5
style.css,13,css,50f4f51c,dkanodia,2025-04-11,22:21:51,-07:00,2025-04-11T22:21:51-07:00,0,23
style.css,14,css,50f4f51c,dkanodia,2025-04-11,22:21:51,-07:00,2025-04-11T22:21:51-07:00,0,16
style.css,15,css,50f4f51c,dkanodia,2025-04-11,22:21:51,-07:00,2025-04-11T22:21:51-07:00,0,16
style.css,16,css,50f4f51c,dkanodia,2025-04-11,22:21:51,-07:00,2025-04-11T22:21:51-07:00,0,43
style.css,17,css,50f4f51c,dkanodia,2025-04-11,22:21:51,-07:00,2025-04-11T22:21:51-07:00,0,19
style.css,18,css,972228be,dkanodia,2025-05-02,22:35:26,-07:00,2025-05-02T22:35:26-07:00,0,24
style.css,19,css,972228be,dkanodia,2025-05-02,22:35:26,-07:00,2025-05-02T22:35:26-07:00,0,17
style.css,20,css,50f4f51c,dkanodia,2025-04-11,22:21:51,-07:00,2025-04-11T22:21:51-07:00,0,0
style.css,21,css,50f4f51c,dkanodia,2025-04-11,22:21:51,-07:00,2025-04-11T22:21:51-07:00,0,0
style.css,22,css,50f4f51c,dkanodia,2025-04-11,22:21:51,-07:00,2025-04-11T22:21:51-07:00,0,4
style.css,23,css,50f4f51c,dkanodia,2025-04-11,22:21:51,-07:00,2025-04-11T22:21:51-07:00,0,13
style.css,24,css,972228be,dkanodia,2025-05-02,22:35:26,-07:00,2025-05-02T22:35:26-07:00,0,44
style.css,25,css,50f4f51c,dkanodia,2025-04-11,22:21:51,-07:00,2025-04-11T22:21:51-07:00,0,18
style.css,26,css,50f4f51c,dkanodia,2025-04-11,22:21:51,-07:00,2025-04-11T22:21:51-07:00,0,0
style.css,27,css,50f4f51c,dkanodia,2025-04-11,22:21:51,-07:00,2025-04-11T22:21:51-07:00,0,0
style.css,28,css,50f4f51c,dkanodia,2025-04-11,22:21:51,-07:00,2025-04-11T22:21:51-07:00,0,6
style.css,29,css,50f4f51c,dkanodia,2025-04-11,22:21:51,-07:00,2025-04-11T22:21:51-07:00,0,7
style.css,30,css,50f4f51c,dkanodia,2025-04-11,22:21:51,-07:00,2025-04-11T22:21:51-07:00,0,17
style.css,31,css,50f4f51c,dkanodia,2025-04-11,22:21:51,-07:00,2025-04-11T22:21:51-07:00,0,0
style.css,32,css,50f4f51c,dkanodia,2025-04-11,22:21:51,-07:00,2025-04-11T22:21:51-07:00,0,0
style.css,33,css,50f4f51c,dkanodia,2025-04-11,22:21:51,-07:00,2025-04-11T22:21:51-07:00,0,6
style.css,34,css,50f4f51c,dkanodia,2025-04-11,22:21:51,-07:00,2025-04-11T22:21:51-07:00,0,7
style.css,35,css,50f4f51c,dkanodia,2025-04-11,22:21:51,-07:00,2025-04-11T22:21:51-07:00,0,21
style.css,36,css,50f4f51c,dkanodia,2025-04-11,22:21:51,-07:00,2025-04-11T22:21:51-07:00,0,14
style.css,37,css,50f4f51c,dkanodia,2025-04-11,22:21:51,-07:00,2025-04-11T22:21:51-07:00,0,18
style.css,38,css,50f4f51c,dkanodia,2025-04-11,22:21:51,-07:00,2025-04-11T22:21:51-07:00,0,14
style.css,39,css,50f4f51c,dkanodia,2025-04-11,22:21:51,-07:00,2025-04-11T22:21:51-07:00,0,0
style.css,40,css,50f4f51c,dkanodia,2025-04-11,22:21:51,-07:00,2025-04-11T22:21:51-07:00,0,0
style.css,41,css,50f4f51c,dkanodia,2025-04-11,22:21:51,-07:00,2025-04-11T22:21:51-07:00,0,14
style.css,42,css,50f4f51c,dkanodia,2025-04-11,22:21:51,-07:00,2025-04-11T22:21:51-07:00,0,44
style.css,43,css,50f4f51c,dkanodia,2025-04-11,22:21:51,-07:00,2025-04-11T22:21:51-07:00,0,21
style.css,44,css,50f4f51c,dkanodia,2025-04-11,22:21:51,-07:00,2025-04-11T22:21:51-07:00,0,0
style.css,45,css,50f4f51c,dkanodia,2025-04-11,22:21:51,-07:00,2025-04-11T22:21:51-07:00,0,0
style.css,46,css,50f4f51c,dkanodia,2025-04-11,22:21:51,-07:00,2025-04-11T22:21:51-07:00,0,12
style.css,47,css,972228be,dkanodia,2025-05-02,22:35:26,-07:00,2025-05-02T22:35:26-07:00,0,70
style.css,48,css,50f4f51c,dkanodia,2025-04-11,22:21:51,-07:00,2025-04-11T22:21:51-07:00,0,46
style.css,49,css,50f4f51c,dkanodia,2025-04-11,22:21:51,-07:00,2025-04-11T22:21:51-07:00,0,0
style.css,50,css,50f4f51c,dkanodia,2025-04-11,22:21:51,-07:00,2025-04-11T22:21:51-07:00,0,0
style.css,51,css,50f4f51c,dkanodia,2025-04-11,22:21:51,-07:00,2025-04-11T22:21:51-07:00,0,5
style.css,52,css,50f4f51c,dkanodia,2025-04-11,22:21:51,-07:00,2025-04-11T22:21:51-07:00,0,8
style.css,53,css,50f4f51c,dkanodia,2025-04-11,22:21:51,-07:00,2025-04-11T22:21:51-07:00,0,6
style.css,54,css,50f4f51c,dkanodia,2025-04-11,22:21:51,-07:00,2025-04-11T22:21:51-07:00,0,7
style.css,55,css,50f4f51c,dkanodia,2025-04-11,22:21:51,-07:00,2025-04-11T22:21:51-07:00,0,13
style.css,56,css,50f4f51c,dkanodia,2025-04-11,22:21:51,-07:00,2025-04-11T22:21:51-07:00,0,11
style.css,57,css,50f4f51c,dkanodia,2025-04-11,22:21:51,-07:00,2025-04-11T22:21:51-07:00,0,22
style.css,58,css,50f4f51c,dkanodia,2025-04-11,22:21:51,-07:00,2025-04-11T22:21:51-07:00,0,0
style.css,59,css,50f4f51c,dkanodia,2025-04-11,22:21:51,-07:00,2025-04-11T22:21:51-07:00,0,0
style.css,60,css,50f4f51c,dkanodia,2025-04-11,22:21:51,-07:00,2025-04-11T22:21:51-07:00,0,5
style.css,61,css,50f4f51c,dkanodia,2025-04-11,22:21:51,-07:00,2025-04-11T22:21:51-07:00,0,13
style.css,62,css,50f4f51c,dkanodia,2025-04-11,22:21:51,-07:00,2025-04-11T22:21:51-07:00,0,31
style.css,63,css,50f4f51c,dkanodia,2025-04-11,22:21:51,-07:00,2025-04-11T22:21:51-07:00,0,8
style.css,64,css,50f4f51c,dkanodia,2025-04-11,22:21:51,-07:00,2025-04-11T22:21:51-07:00,0,0
style.css,65,css,50f4f51c,dkanodia,2025-04-11,22:21:51,-07:00,2025-04-11T22:21:51-07:00,0,0
style.css,66,css,50f4f51c,dkanodia,2025-04-11,22:21:51,-07:00,2025-04-11T22:21:51-07:00,0,6
style.css,67,css,50f4f51c,dkanodia,2025-04-11,22:21:51,-07:00,2025-04-11T22:21:51-07:00,0,13
style.css,68,css,50f4f51c,dkanodia,2025-04-11,22:21:51,-07:00,2025-04-11T22:21:51-07:00,0,30
style.css,69,css,50f4f51c,dkanodia,2025-04-11,22:21:51,-07:00,2025-04-11T22:21:51-07:00,0,19
style.css,70,css,50f4f51c,dkanodia,2025-04-11,22:21:51,-07:00,2025-04-11T22:21:51-07:00,0,8
style.css,71,css,50f4f51c,dkanodia,2025-04-11,22:21:51,-07:00,2025-04-11T22:21:51-07:00,0,0
style.css,72,css,50f4f51c,dkanodia,2025-04-11,22:21:51,-07:00,2025-04-11T22:21:51-07:00,0,0
style.css,73,css,50f4f51c,dkanodia,2025-04-11,22:21:51,-07:00,2025-04-11T22:21:51-07:00,0,7
style.css,74,css,50f4f51c,dkanodia,2025-04-11,22:21:51,-07:00,2025-04-11T22:21:51-07:00,0,19
style.css,75,css,50f4f51c,dkanodia,2025-04-11,22:21:51,-07:00,2025-04-11T22:21:51-07:00,0,0
style.css,76,css,50f4f51c,dkanodia,2025-04-11,22:21:51,-07:00,2025-04-11T22:21:51-07:00,0,0
style.css,77,css,8bcd6163,dkanodia,2025-04-18,20:02:15,-07:00,2025-04-18T20:02:15-07:00,0,10
style.css,78,css,50f4f51c,dkanodia,2025-04-11,22:21:51,-07:00,2025-04-11T22:21:51-07:00,0,13
style.css,79,css,50f4f51c,dkanodia,2025-04-11,22:21:51,-07:00,2025-04-11T22:21:51-07:00,0,59
style.css,80,css,50f4f51c,dkanodia,2025-04-11,22:21:51,-07:00,2025-04-11T22:21:51-07:00,0,8
style.css,81,css,50f4f51c,dkanodia,2025-04-11,22:21:51,-07:00,2025-04-11T22:21:51-07:00,0,0
style.css,82,css,50f4f51c,dkanodia,2025-04-11,22:21:51,-07:00,2025-04-11T22:21:51-07:00,0,0
style.css,83,css,50f4f51c,dkanodia,2025-04-11,22:21:51,-07:00,2025-04-11T22:21:51-07:00,0,8
style.css,84,css,50f4f51c,dkanodia,2025-04-11,22:21:51,-07:00,2025-04-11T22:21:51-07:00,0,13
style.css,85,css,50f4f51c,dkanodia,2025-04-11,22:21:51,-07:00,2025-04-11T22:21:51-07:00,0,27
style.css,86,css,50f4f51c,dkanodia,2025-04-11,22:21:51,-07:00,2025-04-11T22:21:51-07:00,0,16
style.css,87,css,50f4f51c,dkanodia,2025-04-11,22:21:51,-07:00,2025-04-11T22:21:51-07:00,0,8
style.css,88,css,50f4f51c,dkanodia,2025-04-11,22:21:51,-07:00,2025-04-11T22:21:51-07:00,0,0
style.css,89,css,50f4f51c,dkanodia,2025-04-11,22:21:51,-07:00,2025-04-11T22:21:51-07:00,0,0
style.css,90,css,8bcd6163,dkanodia,2025-04-18,20:02:15,-07:00,2025-04-18T20:02:15-07:00,0,11
style.css,91,css,50f4f51c,dkanodia,2025-04-11,22:21:51,-07:00,2025-04-11T22:21:51-07:00,0,9
style.css,92,css,50f4f51c,dkanodia,2025-04-11,22:21:51,-07:00,2025-04-11T22:21:51-07:00,0,0
style.css,93,css,50f4f51c,dkanodia,2025-04-11,22:21:51,-07:00,2025-04-11T22:21:51-07:00,0,0
style.css,94,css,50f4f51c,dkanodia,2025-04-11,22:21:51,-07:00,2025-04-11T22:21:51-07:00,0,3
style.css,95,css,50f4f51c,dkanodia,2025-04-11,22:21:51,-07:00,2025-04-11T22:21:51-07:00,0,15
style.css,96,css,50f4f51c,dkanodia,2025-04-11,22:21:51,-07:00,2025-04-11T22:21:51-07:00,0,0
style.css,97,css,50f4f51c,dkanodia,2025-04-11,22:21:51,-07:00,2025-04-11T22:21:51-07:00,0,0
style.css,98,css,50f4f51c,dkanodia,2025-04-11,22:21:51,-07:00,2025-04-11T22:21:51-07:00,0,23
style.css,99,css,50f4f51c,dkanodia,2025-04-11,22:21:51,-07:00,2025-04-11T22:21:51-07:00,0,16
style.css,100,css,50f4f51c,dkanodia,2025-04-11,22:21:51,-07:00,2025-04-11T22:21:51-07:00,0,18
style.css,101,css,50f4f51c,dkanodia,2025-04-11,22:21:51,-07:00,2025-04-11T22:21:51-07:00,0,0
style.css,102,css,50f4f51c,dkanodia,2025-04-11,22:21:51,-07:00,2025-04-11T22:21:51-07:00,0,0
style.css,103,css,50f4f51c,dkanodia,2025-04-11,22:21:51,-07:00,2025-04-11T22:21:51-07:00,0,16
style.css,104,css,972228be,dkanodia,2025-05-02,22:35:26,-07:00,2025-05-02T22:35:26-07:00,0,17
style.css,105,css,50f4f51c,dkanodia,2025-04-11,22:21:51,-07:00,2025-04-11T22:21:51-07:00,0,18
style.css,106,css,50f4f51c,dkanodia,2025-04-11,22:21:51,-07:00,2025-04-11T22:21:51-07:00,0,0
style.css,107,css,50f4f51c,dkanodia,2025-04-11,22:21:51,-07:00,2025-04-11T22:21:51-07:00,0,0
style.css,108,css,50f4f51c,dkanodia,2025-04-11,22:21:51,-07:00,2025-04-11T22:21:51-07:00,0,21
style.css,109,css,50f4f51c,dkanodia,2025-04-11,22:21:51,-07:00,2025-04-11T22:21:51-07:00,0,14
style.css,110,css,50f4f51c,dkanodia,2025-04-11,22:21:51,-07:00,2025-04-11T22:21:51-07:00,0,18
style.css,111,css,972228be,dkanodia,2025-05-02,22:35:26,-07:00,2025-05-02T22:35:26-07:00,0,24
style.css,112,css,50f4f51c,dkanodia,2025-04-11,22:21:51,-07:00,2025-04-11T22:21:51-07:00,0,0
style.css,113,css,50f4f51c,dkanodia,2025-04-11,22:21:51,-07:00,2025-04-11T22:21:51-07:00,0,0
style.css,114,css,50f4f51c,dkanodia,2025-04-11,22:21:51,-07:00,2025-04-11T22:21:51-07:00,0,21
style.css,115,css,50f4f51c,dkanodia,2025-04-11,22:21:51,-07:00,2025-04-11T22:21:51-07:00,0,12
style.css,116,css,50f4f51c,dkanodia,2025-04-11,22:21:51,-07:00,2025-04-11T22:21:51-07:00,0,35
style.css,117,css,50f4f51c,dkanodia,2025-04-11,22:21:51,-07:00,2025-04-11T22:21:51-07:00,0,15
style.css,118,css,50f4f51c,dkanodia,2025-04-11,22:21:51,-07:00,2025-04-11T22:21:51-07:00,0,0
style.css,119,css,50f4f51c,dkanodia,2025-04-11,22:21:51,-07:00,2025-04-11T22:21:51-07:00,0,0
style.css,120,css,50f4f51c,dkanodia,2025-04-11,22:21:51,-07:00,2025-04-11T22:21:51-07:00,0,16
style.css,121,css,50f4f51c,dkanodia,2025-04-11,22:21:51,-07:00,2025-04-11T22:21:51-07:00,0,15
style.css,122,css,972228be,dkanodia,2025-05-02,22:35:26,-07:00,2025-05-02T22:35:26-07:00,0,17
style.css,123,css,50f4f51c,dkanodia,2025-04-11,22:21:51,-07:00,2025-04-11T22:21:51-07:00,0,0
style.css,124,css,50f4f51c,dkanodia,2025-04-11,22:21:51,-07:00,2025-04-11T22:21:51-07:00,0,0
style.css,125,css,8bcd6163,dkanodia,2025-04-18,20:02:15,-07:00,2025-04-18T20:02:15-07:00,0,14
style.css,126,css,8bcd6163,dkanodia,2025-04-18,20:02:15,-07:00,2025-04-18T20:02:15-07:00,0,18
style.css,127,css,f6d4e4ec,dkanodia,2025-05-02,23:34:55,-07:00,2025-05-02T23:34:55-07:00,0,9
style.css,128,css,f6d4e4ec,dkanodia,2025-05-02,23:34:55,-07:00,2025-05-02T23:34:55-07:00,0,11
style.css,129,css,8bcd6163,dkanodia,2025-04-18,20:02:15,-07:00,2025-04-18T20:02:15-07:00,0,14
style.css,130,css,0f2413f0,dkanodia,2025-05-03,00:46:32,-07:00,2025-05-03T00:46:32-07:00,0,13
style.css,131,css,0f2413f0,dkanodia,2025-05-03,00:46:32,-07:00,2025-05-03T00:46:32-07:00,0,19
style.css,132,css,0f2413f0,dkanodia,2025-05-03,00:46:32,-07:00,2025-05-03T00:46:32-07:00,0,11
style.css,133,css,0f2413f0,dkanodia,2025-05-03,00:46:32,-07:00,2025-05-03T00:46:32-07:00,0,0
style.css,134,css,0f2413f0,dkanodia,2025-05-03,00:46:32,-07:00,2025-05-03T00:46:32-07:00,0,0
style.css,135,css,0f2413f0,dkanodia,2025-05-03,00:46:32,-07:00,2025-05-03T00:46:32-07:00,0,20
style.css,136,css,0f2413f0,dkanodia,2025-05-03,00:46:32,-07:00,2025-05-03T00:46:32-07:00,0,13
style.css,137,css,0f2413f0,dkanodia,2025-05-03,00:46:32,-07:00,2025-05-03T00:46:32-07:00,0,19
style.css,138,css,0f2413f0,dkanodia,2025-05-03,00:46:32,-07:00,2025-05-03T00:46:32-07:00,0,11
style.css,139,css,0f2413f0,dkanodia,2025-05-03,00:46:32,-07:00,2025-05-03T00:46:32-07:00,0,9
style.css,140,css,8bcd6163,dkanodia,2025-04-18,20:02:15,-07:00,2025-04-18T20:02:15-07:00,0,0
style.css,141,css,8bcd6163,dkanodia,2025-04-18,20:02:15,-07:00,2025-04-18T20:02:15-07:00,0,0
style.css,142,css,8bcd6163,dkanodia,2025-04-18,20:02:15,-07:00,2025-04-18T20:02:15-07:00,0,21
style.css,143,css,8bcd6163,dkanodia,2025-04-18,20:02:15,-07:00,2025-04-18T20:02:15-07:00,0,13
style.css,144,css,8bcd6163,dkanodia,2025-04-18,20:02:15,-07:00,2025-04-18T20:02:15-07:00,0,0
style.css,145,css,a9c2b278,dkanodia,2025-04-25,17:51:21,-07:00,2025-04-25T17:51:21-07:00,0,0
style.css,146,css,a9c2b278,dkanodia,2025-04-25,17:51:21,-07:00,2025-04-25T17:51:21-07:00,0,15
style.css,147,css,a9c2b278,dkanodia,2025-04-25,17:51:21,-07:00,2025-04-25T17:51:21-07:00,0,16
style.css,148,css,a9c2b278,dkanodia,2025-04-25,17:51:21,-07:00,2025-04-25T17:51:21-07:00,0,19
style.css,149,css,a9c2b278,dkanodia,2025-04-25,17:51:21,-07:00,2025-04-25T17:51:21-07:00,0,20
style.css,150,css,a9c2b278,dkanodia,2025-04-25,17:51:21,-07:00,2025-04-25T17:51:21-07:00,0,16
style.css,151,css,a9c2b278,dkanodia,2025-04-25,17:51:21,-07:00,2025-04-25T17:51:21-07:00,0,42
style.css,152,css,a9c2b278,dkanodia,2025-04-25,17:51:21,-07:00,2025-04-25T17:51:21-07:00,0,35
style.css,153,css,a9c2b278,dkanodia,2025-04-25,17:51:21,-07:00,2025-04-25T17:51:21-07:00,0,0
style.css,154,css,a9c2b278,dkanodia,2025-04-25,17:51:21,-07:00,2025-04-25T17:51:21-07:00,0,0
style.css,155,css,a9c2b278,dkanodia,2025-04-25,17:51:21,-07:00,2025-04-25T17:51:21-07:00,0,18
style.css,156,css,a9c2b278,dkanodia,2025-04-25,17:51:21,-07:00,2025-04-25T17:51:21-07:00,0,13
style.css,157,css,a9c2b278,dkanodia,2025-04-25,17:51:21,-07:00,2025-04-25T17:51:21-07:00,0,59
style.css,158,css,a9c2b278,dkanodia,2025-04-25,17:51:21,-07:00,2025-04-25T17:51:21-07:00,0,9
style.css,159,css,a9c2b278,dkanodia,2025-04-25,17:51:21,-07:00,2025-04-25T17:51:21-07:00,0,18
style.css,160,css,a9c2b278,dkanodia,2025-04-25,17:51:21,-07:00,2025-04-25T17:51:21-07:00,0,9
style.css,161,css,a9c2b278,dkanodia,2025-04-25,17:51:21,-07:00,2025-04-25T17:51:21-07:00,0,0
style.css,162,css,a9c2b278,dkanodia,2025-04-25,17:51:21,-07:00,2025-04-25T17:51:21-07:00,0,0
style.css,163,css,a9c2b278,dkanodia,2025-04-25,17:51:21,-07:00,2025-04-25T17:51:21-07:00,0,18
style.css,164,css,a9c2b278,dkanodia,2025-04-25,17:51:21,-07:00,2025-04-25T17:51:21-07:00,0,17
style.css,165,css,a9c2b278,dkanodia,2025-04-25,17:51:21,-07:00,2025-04-25T17:51:21-07:00,0,15
style.css,166,css,a9c2b278,dkanodia,2025-04-25,17:51:21,-07:00,2025-04-25T17:51:21-07:00,0,0
style.css,167,css,a9c2b278,dkanodia,2025-04-25,17:51:21,-07:00,2025-04-25T17:51:21-07:00,0,0
style.css,168,css,a9c2b278,dkanodia,2025-04-25,17:51:21,-07:00,2025-04-25T17:51:21-07:00,0,18
style.css,169,css,a9c2b278,dkanodia,2025-04-25,17:51:21,-07:00,2025-04-25T17:51:21-07:00,0,9
style.css,170,css,a9c2b278,dkanodia,2025-04-25,17:51:21,-07:00,2025-04-25T17:51:21-07:00,0,18
style.css,171,css,a9c2b278,dkanodia,2025-04-25,17:51:21,-07:00,2025-04-25T17:51:21-07:00,0,14
style.css,172,css,a9c2b278,dkanodia,2025-04-25,17:51:21,-07:00,2025-04-25T17:51:21-07:00,0,0
style.css,173,css,0f2413f0,dkanodia,2025-05-03,00:46:32,-07:00,2025-05-03T00:46:32-07:00,0,0
style.css,174,css,0f2413f0,dkanodia,2025-05-03,00:46:32,-07:00,2025-05-03T00:46:32-07:00,0,15
style.css,175,css,0f2413f0,dkanodia,2025-05-03,00:46:32,-07:00,2025-05-03T00:46:32-07:00,0,15
style.css,176,css,0f2413f0,dkanodia,2025-05-03,00:46:32,-07:00,2025-05-03T00:46:32-07:00,0,17
style.css,177,css,0f2413f0,dkanodia,2025-05-03,00:46:32,-07:00,2025-05-03T00:46:32-07:00,0,0
style.css,178,css,0f2413f0,dkanodia,2025-05-03,00:46:32,-07:00,2025-05-03T00:46:32-07:00,0,17
style.css,179,css,0f2413f0,dkanodia,2025-05-03,00:46:32,-07:00,2025-05-03T00:46:32-07:00,0,0
style.css,180,css,0f2413f0,dkanodia,2025-05-03,00:46:32,-07:00,2025-05-03T00:46:32-07:00,0,0
style.css,181,css,0f2413f0,dkanodia,2025-05-03,00:46:32,-07:00,2025-05-03T00:46:32-07:00,0,11
style.css,182,css,1c010de5,dkanodia,2025-05-03,14:21:47,-07:00,2025-05-03T14:21:47-07:00,0,13
style.css,183,css,1c010de5,dkanodia,2025-05-03,14:21:47,-07:00,2025-05-03T14:21:47-07:00,0,30
style.css,184,css,1c010de5,dkanodia,2025-05-03,14:21:47,-07:00,2025-05-03T14:21:47-07:00,0,8
style.css,185,css,1c010de5,dkanodia,2025-05-03,14:21:47,-07:00,2025-05-03T14:21:47-07:00,0,23
style.css,186,css,1c010de5,dkanodia,2025-05-03,14:21:47,-07:00,2025-05-03T14:21:47-07:00,0,11
style.css,187,css,1c010de5,dkanodia,2025-05-03,14:21:47,-07:00,2025-05-03T14:21:47-07:00,0,17
style.css,188,css,1c010de5,dkanodia,2025-05-03,14:21:47,-07:00,2025-05-03T14:21:47-07:00,0,14
style.css,189,css,0f2413f0,dkanodia,2025-05-03,00:46:32,-07:00,2025-05-03T00:46:32-07:00,0,0
style.css,190,css,0f2413f0,dkanodia,2025-05-03,00:46:32,-07:00,2025-05-03T00:46:32-07:00,0,0
style.css,191,css,0f2413f0,dkanodia,2025-05-03,00:46:32,-07:00,2025-05-03T00:46:32-07:00,0,15
style.css,192,css,1c010de5,dkanodia,2025-05-03,14:21:47,-07:00,2025-05-03T14:21:47-07:00,0,7
style.css,193,css,1c010de5,dkanodia,2025-05-03,14:21:47,-07:00,2025-05-03T14:21:47-07:00,0,14
style.css,194,css,1c010de5,dkanodia,2025-05-03,14:21:47,-07:00,2025-05-03T14:21:47-07:00,0,12
style.css,195,css,0f2413f0,dkanodia,2025-05-03,00:46:32,-07:00,2025-05-03T00:46:32-07:00,0,0
style.css,196,css,0f2413f0,dkanodia,2025-05-03,00:46:32,-07:00,2025-05-03T00:46:32-07:00,0,0
style.css,197,css,0f2413f0,dkanodia,2025-05-03,00:46:32,-07:00,2025-05-03T00:46:32-07:00,0,8
style.css,198,css,0f2413f0,dkanodia,2025-05-03,00:46:32,-07:00,2025-05-03T00:46:32-07:00,0,16
style.css,199,css,1c010de5,dkanodia,2025-05-03,14:21:47,-07:00,2025-05-03T14:21:47-07:00,0,12
style.css,200,css,1c010de5,dkanodia,2025-05-03,14:21:47,-07:00,2025-05-03T14:21:47-07:00,0,13
style.css,201,css,0f2413f0,dkanodia,2025-05-03,00:46:32,-07:00,2025-05-03T00:46:32-07:00,0,13
style.css,202,css,1c010de5,dkanodia,2025-05-03,14:21:47,-07:00,2025-05-03T14:21:47-07:00,0,58
style.css,203,css,1c010de5,dkanodia,2025-05-03,14:21:47,-07:00,2025-05-03T14:21:47-07:00,0,8
style.css,204,css,1c010de5,dkanodia,2025-05-03,14:21:47,-07:00,2025-05-03T14:21:47-07:00,0,37
style.css,205,css,1c010de5,dkanodia,2025-05-03,14:21:47,-07:00,2025-05-03T14:21:47-07:00,0,18
style.css,206,css,1c010de5,dkanodia,2025-05-03,14:21:47,-07:00,2025-05-03T14:21:47-07:00,0,24
style.css,207,css,1c010de5,dkanodia,2025-05-03,14:21:47,-07:00,2025-05-03T14:21:47-07:00,0,17
style.css,208,css,1c010de5,dkanodia,2025-05-03,14:21:47,-07:00,2025-05-03T14:21:47-07:00,0,40
style.css,209,css,1c010de5,dkanodia,2025-05-03,14:21:47,-07:00,2025-05-03T14:21:47-07:00,0,7
style.css,210,css,0f2413f0,dkanodia,2025-05-03,00:46:32,-07:00,2025-05-03T00:46:32-07:00,0,0
style.css,211,css,0f2413f0,dkanodia,2025-05-03,00:46:32,-07:00,2025-05-03T00:46:32-07:00,0,0
style.css,212,css,0f2413f0,dkanodia,2025-05-03,00:46:32,-07:00,2025-05-03T00:46:32-07:00,0,11
style.css,213,css,0f2413f0,dkanodia,2025-05-03,00:46:32,-07:00,2025-05-03T00:46:32-07:00,0,13
style.css,214,css,1c010de5,dkanodia,2025-05-03,14:21:47,-07:00,2025-05-03T14:21:47-07:00,0,19
style.css,215,css,1c010de5,dkanodia,2025-05-03,14:21:47,-07:00,2025-05-03T14:21:47-07:00,0,10
style.css,216,css,1c010de5,dkanodia,2025-05-03,14:21:47,-07:00,2025-05-03T14:21:47-07:00,0,15
style.css,217,css,1c010de5,dkanodia,2025-05-03,14:21:47,-07:00,2025-05-03T14:21:47-07:00,0,14
style.css,218,css,1c010de5,dkanodia,2025-05-03,14:21:47,-07:00,2025-05-03T14:21:47-07:00,0,18
style.css,219,css,1c010de5,dkanodia,2025-05-03,14:21:47,-07:00,2025-05-03T14:21:47-07:00,0,38
style.css,220,css,1c010de5,dkanodia,2025-05-03,14:21:47,-07:00,2025-05-03T14:21:47-07:00,0,29
style.css,221,css,1c010de5,dkanodia,2025-05-03,14:21:47,-07:00,2025-05-03T14:21:47-07:00,0,14
style.css,222,css,0f2413f0,dkanodia,2025-05-03,00:46:32,-07:00,2025-05-03T00:46:32-07:00,0,0
style.css,223,css,0f2413f0,dkanodia,2025-05-03,00:46:32,-07:00,2025-05-03T00:46:32-07:00,0,0
style.css,224,css,1c010de5,dkanodia,2025-05-03,14:21:47,-07:00,2025-05-03T14:21:47-07:00,0,17
style.css,225,css,1c010de5,dkanodia,2025-05-03,14:21:47,-07:00,2025-05-03T14:21:47-07:00,0,60
style.css,226,css,0f2413f0,dkanodia,2025-05-03,00:46:32,-07:00,2025-05-03T00:46:32-07:00,0,0
style.css,227,css,0f2413f0,dkanodia,2025-05-03,00:46:32,-07:00,2025-05-03T00:46:32-07:00,0,0
style.css,228,css,0f2413f0,dkanodia,2025-05-03,00:46:32,-07:00,2025-05-03T00:46:32-07:00,0,14
style.css,229,css,0f2413f0,dkanodia,2025-05-03,00:46:32,-07:00,2025-05-03T00:46:32-07:00,0,18
style.css,230,css,1c010de5,dkanodia,2025-05-03,14:21:47,-07:00,2025-05-03T14:21:47-07:00,0,14
style.css,231,css,0f2413f0,dkanodia,2025-05-03,00:46:32,-07:00,2025-05-03T00:46:32-07:00,0,0
style.css,232,css,0f2413f0,dkanodia,2025-05-03,00:46:32,-07:00,2025-05-03T00:46:32-07:00,0,0
style.css,233,css,1c010de5,dkanodia,2025-05-03,14:21:47,-07:00,2025-05-03T14:21:47-07:00,0,19
style.css,234,css,1c010de5,dkanodia,2025-05-03,14:21:47,-07:00,2025-05-03T14:21:47-07:00,0,21
style.css,235,css,1c010de5,dkanodia,2025-05-03,14:21:47,-07:00,2025-05-03T14:21:47-07:00,0,11
style.css,236,css,1c010de5,dkanodia,2025-05-03,14:21:47,-07:00,2025-05-03T14:21:47-07:00,0,12
style.css,237,css,1c010de5,dkanodia,2025-05-03,14:21:47,-07:00,2025-05-03T14:21:47-07:00,0,19
style.css,238,css,1c010de5,dkanodia,2025-05-03,14:21:47,-07:00,2025-05-03T14:21:47-07:00,0,30
style.css,239,css,1c010de5,dkanodia,2025-05-03,14:21:47,-07:00,2025-05-03T14:21:47-07:00,0,18
style.css,240,css,0f2413f0,dkanodia,2025-05-03,00:46:32,-07:00,2025-05-03T00:46:32-07:00,0,0
style.css,241,css,0f2413f0,dkanodia,2025-05-03,00:46:32,-07:00,2025-05-03T00:46:32-07:00,0,0
style.css,242,css,1c010de5,dkanodia,2025-05-03,14:21:47,-07:00,2025-05-03T14:21:47-07:00,0,0
style.css,243,css,0f2413f0,dkanodia,2025-05-03,00:46:32,-07:00,2025-05-03T00:46:32-07:00,0,11
style.css,244,css,1c010de5,dkanodia,2025-05-03,14:21:47,-07:00,2025-05-03T14:21:47-07:00,0,13
style.css,245,css,1c010de5,dkanodia,2025-05-03,14:21:47,-07:00,2025-05-03T14:21:47-07:00,0,30
style.css,246,css,1c010de5,dkanodia,2025-05-03,14:21:47,-07:00,2025-05-03T14:21:47-07:00,0,8
style.css,247,css,1c010de5,dkanodia,2025-05-03,14:21:47,-07:00,2025-05-03T14:21:47-07:00,0,23
style.css,248,css,1c010de5,dkanodia,2025-05-03,14:21:47,-07:00,2025-05-03T14:21:47-07:00,0,11
style.css,249,css,1c010de5,dkanodia,2025-05-03,14:21:47,-07:00,2025-05-03T14:21:47-07:00,0,17
style.css,250,css,1c010de5,dkanodia,2025-05-03,14:21:47,-07:00,2025-05-03T14:21:47-07:00,0,14
style.css,251,css,0f2413f0,dkanodia,2025-05-03,00:46:32,-07:00,2025-05-03T00:46:32-07:00,0,0
style.css,252,css,0f2413f0,dkanodia,2025-05-03,00:46:32,-07:00,2025-05-03T00:46:32-07:00,0,0
style.css,253,css,0f2413f0,dkanodia,2025-05-03,00:46:32,-07:00,2025-05-03T00:46:32-07:00,0,18
style.css,254,css,0f2413f0,dkanodia,2025-05-03,00:46:32,-07:00,2025-05-03T00:46:32-07:00,0,17
style.css,255,css,0f2413f0,dkanodia,2025-05-03,00:46:32,-07:00,2025-05-03T00:46:32-07:00,0,12
style.css,256,css,0f2413f0,dkanodia,2025-05-03,00:46:32,-07:00,2025-05-03T00:46:32-07:00,0,0
style.css,257,css,0f2413f0,dkanodia,2025-05-03,00:46:32,-07:00,2025-05-03T00:46:32-07:00,0,0
style.css,258,css,0f2413f0,dkanodia,2025-05-03,00:46:32,-07:00,2025-05-03T00:46:32-07:00,0,5
style.css,259,css,0f2413f0,dkanodia,2025-05-03,00:46:32,-07:00,2025-05-03T00:46:32-07:00,0,17
style.css,260,css,0f2413f0,dkanodia,2025-05-03,00:46:32,-07:00,2025-05-03T00:46:32-07:00,0,0
style.css,261,css,0f2413f0,dkanodia,2025-05-03,00:46:32,-07:00,2025-05-03T00:46:32-07:00,0,10
style.css,262,css,0f2413f0,dkanodia,2025-05-03,00:46:32,-07:00,2025-05-03T00:46:32-07:00,0,36
style.css,263,css,0f2413f0,dkanodia,2025-05-03,00:46:32,-07:00,2025-05-03T00:46:32-07:00,0,0
style.css,264,css,0f2413f0,dkanodia,2025-05-03,00:46:32,-07:00,2025-05-03T00:46:32-07:00,0,11
style.css,265,css,0f2413f0,dkanodia,2025-05-03,00:46:32,-07:00,2025-05-03T00:46:32-07:00,0,18
style.css,266,css,0f2413f0,dkanodia,2025-05-03,00:46:32,-07:00,2025-05-03T00:46:32-07:00,0,0
style.css,267,css,0f2413f0,dkanodia,2025-05-03,00:46:32,-07:00,2025-05-03T00:46:32-07:00,0,0
style.css,268,css,0f2413f0,dkanodia,2025-05-03,00:46:32,-07:00,2025-05-03T00:46:32-07:00,0,0
style.css,269,css,0f2413f0,dkanodia,2025-05-03,00:46:32,-07:00,2025-05-03T00:46:32-07:00,0,5
style.css,270,css,0f2413f0,dkanodia,2025-05-03,00:46:32,-07:00,2025-05-03T00:46:32-07:00,0,15
style.css,271,css,00000000,Not Committed Yet,2025-05-10,16:21:34,-07:00,2025-05-10T16:21:34-07:00,0,0
style.css,272,css,00000000,Not Committed Yet,2025-05-10,16:21:34,-07:00,2025-05-10T16:21:34-07:00,0,0
style.css,273,css,00000000,Not Committed Yet,2025-05-10,16:21:34,-07:00,2025-05-10T16:21:34-07:00,0,25
style.css,274,css,00000000,Not Committed Yet,2025-05-10,16:21:34,-07:00,2025-05-10T16:21:34-07:00,0,25
style.css,275,css,00000000,Not Committed Yet,2025-05-10,16:21:34,-07:00,2025-05-10T16:21:34-07:00,0,11
style.css,276,css,00000000,Not Committed Yet,2025-05-10,16:21:34,-07:00,2025-05-10T16:21:34-07:00,0,16
style.css,277,css,00000000,Not Committed Yet,2025-05-10,16:21:34,-07:00,2025-05-10T16:21:34-07:00,0,23
style.css,278,css,00000000,Not Committed Yet,2025-05-10,16:21:34,-07:00,2025-05-10T16:21:34-07:00,0,0
style.css,279,css,00000000,Not Committed Yet,2025-05-10,16:21:34,-07:00,2025-05-10T16:21:34-07:00,0,0
style.css,280,css,00000000,Not Committed Yet,2025-05-10,16:21:34,-07:00,2025-05-10T16:21:34-07:00,0,10
style.css,281,css,00000000,Not Committed Yet,2025-05-10,16:21:34,-07:00,2025-05-10T16:21:34-07:00,0,18
style.css,282,css,00000000,Not Committed Yet,2025-05-10,16:21:34,-07:00,2025-05-10T16:21:34-07:00,0,16
style.css,283,css,00000000,Not Committed Yet,2025-05-10,16:21:34,-07:00,2025-05-10T16:21:34-07:00,0,12
style.css,284,css,00000000,Not Committed Yet,2025-05-10,16:21:34,-07:00,2025-05-10T16:21:34-07:00,0,22
style.css,285,css,00000000,Not Committed Yet,2025-05-10,16:21:34,-07:00,2025-05-10T16:21:34-07:00,0,18
style.css,286,css,00000000,Not Committed Yet,2025-05-10,16:21:34,-07:00,2025-05-10T16:21:34-07:00,0,0
style.css,287,css,00000000,Not Committed Yet,2025-05-10,16:21:34,-07:00,2025-05-10T16:21:34-07:00,0,0
style.css,288,css,00000000,Not Committed Yet,2025-05-10,16:21:34,-07:00,2025-05-10T16:21:34-07:00,0,10
style.css,289,css,00000000,Not Committed Yet,2025-05-10,16:21:34,-07:00,2025-05-10T16:21:34-07:00,0,15
style.css,290,css,00000000,Not Committed Yet,2025-05-10,16:21:34,-07:00,2025-05-10T16:21:34-07:00,0,18
style.css,291,css,00000000,Not Committed Yet,2025-05-10,16:21:34,-07:00,2025-05-10T16:21:34-07:00,0,0
style.css,292,css,00000000,Not Committed Yet,2025-05-10,16:21:34,-07:00,2025-05-10T16:21:34-07:00,0,0
style.css,293,css,00000000,Not Committed Yet,2025-05-10,16:21:34,-07:00,2025-05-10T16:21:34-07:00,0,16
style.css,294,css,00000000,Not Committed Yet,2025-05-10,16:21:34,-07:00,2025-05-10T16:21:34-07:00,0,37
style.css,295,css,00000000,Not Committed Yet,2025-05-10,16:21:34,-07:00,2025-05-10T16:21:34-07:00,0,44
style.css,296,css,00000000,Not Committed Yet,2025-05-10,16:21:34,-07:00,2025-05-10T16:21:34-07:00,0,27
style.css,297,css,00000000,Not Committed Yet,2025-05-10,16:21:34,-07:00,2025-05-10T16:21:34-07:00,0,0
style.css,298,css,00000000,Not Committed Yet,2025-05-10,16:21:34,-07:00,2025-05-10T16:21:34-07:00,0,0
style.css,299,css,00000000,Not Committed Yet,2025-05-10,16:21:34,-07:00,2025-05-10T16:21:34-07:00,0,16
style.css,300,css,00000000,Not Committed Yet,2025-05-10,16:21:34,-07:00,2025-05-10T16:21:34-07:00,0,38
style.css,301,css,00000000,Not Committed Yet,2025-05-10,16:21:34,-07:00,2025-05-10T16:21:34-07:00,0,0
style.css,302,css,00000000,Not Committed Yet,2025-05-10,16:21:34,-07:00,2025-05-10T16:21:34-07:00,0,0
style.css,303,css,00000000,Not Committed Yet,2025-05-10,16:21:34,-07:00,2025-05-10T16:21:34-07:00,0,7
style.css,304,css,00000000,Not Committed Yet,2025-05-10,16:21:34,-07:00,2025-05-10T16:21:34-07:00,0,17
style.css,305,css,00000000,Not Committed Yet,2025-05-10,16:21:34,-07:00,2025-05-10T16:21:34-07:00,0,24
style.css,306,css,00000000,Not Committed Yet,2025-05-10,16:21:34,-07:00,2025-05-10T16:21:34-07:00,0,23
style.css,307,css,00000000,Not Committed Yet,2025-05-10,16:21:34,-07:00,2025-05-10T16:21:34-07:00,0,0
style.css,308,css,00000000,Not Committed Yet,2025-05-10,16:21:34,-07:00,2025-05-10T16:21:34-07:00,0,0
style.css,309,css,00000000,Not Committed Yet,2025-05-10,16:21:34,-07:00,2025-05-10T16:21:34-07:00,0,13
style.css,310,css,00000000,Not Committed Yet,2025-05-10,16:21:34,-07:00,2025-05-10T16:21:34-07:00,0,21
style.css,311,css,00000000,Not Committed Yet,2025-05-10,16:21:34,-07:00,2025-05-10T16:21:34-07:00,0,0
style.css,312,css,00000000,Not Committed Yet,2025-05-10,16:21:34,-07:00,2025-05-10T16:21:34-07:00,0,0
style.css,313,css,00000000,Not Committed Yet,2025-05-10,16:21:34,-07:00,2025-05-10T16:21:34-07:00,0,8
style.css,314,css,00000000,Not Committed Yet,2025-05-10,16:21:34,-07:00,2025-05-10T16:21:34-07:00,0,25
style.css,315,css,00000000,Not Committed Yet,2025-05-10,16:21:34,-07:00,2025-05-10T16:21:34-07:00,0,26
style.css,316,css,00000000,Not Committed Yet,2025-05-10,16:21:34,-07:00,2025-05-10T16:21:34-07:00,0,40
style.css,317,css,00000000,Not Committed Yet,2025-05-10,16:21:34,-07:00,2025-05-10T16:21:34-07:00,0,0
style.css,318,css,00000000,Not Committed Yet,2025-05-10,16:21:34,-07:00,2025-05-10T16:21:34-07:00,0,0
style.css,319,css,00000000,Not Committed Yet,2025-05-10,16:21:34,-07:00,2025-05-10T16:21:34-07:00,0,43
style.css,320,css,00000000,Not Committed Yet,2025-05-10,16:21:34,-07:00,2025-05-10T16:21:34-07:00,0,10
style.css,321,css,00000000,Not Committed Yet,2025-05-10,16:21:34,-07:00,2025-05-10T16:21:34-07:00,0,18
style.css,322,css,00000000,Not Committed Yet,2025-05-10,16:21:34,-07:00,2025-05-10T16:21:34-07:00,0,0
style.css,323,css,00000000,Not Committed Yet,2025-05-10,16:21:34,-07:00,2025-05-10T16:21:34-07:00,0,0
style.css,324,css,00000000,Not Committed Yet,2025-05-10,16:21:34,-07:00,2025-05-10T16:21:34-07:00,0,9
style.css,325,css,00000000,Not Committed Yet,2025-05-10,16:21:34,-07:00,2025-05-10T16:21:34-07:00,0,18
style.css,326,css,00000000,Not Committed Yet,2025-05-10,16:21:34,-07:00,2025-05-10T16:21:34-07:00,0,42
style.css,327,css,00000000,Not Committed Yet,2025-05-10,16:21:34,-07:00,2025-05-10T16:21:34-07:00,0,22
style.css,328,css,00000000,Not Committed Yet,2025-05-10,16:21:34,-07:00,2025-05-10T16:21:34-07:00,0,18
style.css,329,css,00000000,Not Committed Yet,2025-05-10,16:21:34,-07:00,2025-05-10T16:21:34-07:00,0,13
style.css,330,css,00000000,Not Committed Yet,2025-05-10,16:21:34,-07:00,2025-05-10T16:21:34-07:00,0,40
style.css,331,css,00000000,Not Committed Yet,2025-05-10,16:21:34,-07:00,2025-05-10T16:21:34-07:00,0,20
style.css,332,css,00000000,Not Committed Yet,2025-05-10,16:21:34,-07:00,2025-05-10T16:21:34-07:00,0,10
style.css,333,css,00000000,Not Committed Yet,2025-05-10,16:21:34,-07:00,2025-05-10T16:21:34-07:00,0,36
style.css,334,css,00000000,Not Committed Yet,2025-05-10,16:21:34,-07:00,2025-05-10T16:21:34-07:00,0,0
style.css,335,css,00000000,Not Committed Yet,2025-05-10,16:21:34,-07:00,2025-05-10T16:21:34-07:00,0,0
style.css,336,css,00000000,Not Committed Yet,2025-05-10,16:21:34,-07:00,2025-05-10T16:21:34-07:00,0,17
style.css,337,css,00000000,Not Committed Yet,2025-05-10,16:21:34,-07:00,2025-05-10T16:21:34-07:00,0,10
style.css,338,css,00000000,Not Committed Yet,2025-05-10,16:21:34,-07:00,2025-05-10T16:21:34-07:00,0,0
style.css,339,css,00000000,Not Committed Yet,2025-05-10,16:21:34,-07:00,2025-05-10T16:21:34-07:00,0,0
style.css,340,css,00000000,Not Committed Yet,2025-05-10,16:21:34,-07:00,2025-05-10T16:21:34-07:00,0,12
style.css,341,css,00000000,Not Committed Yet,2025-05-10,16:21:34,-07:00,2025-05-10T16:21:34-07:00,0,17
style.css,342,css,00000000,Not Committed Yet,2025-05-10,16:21:34,-07:00,2025-05-10T16:21:34-07:00,0,0
style.css,343,css,00000000,Not Committed Yet,2025-05-10,16:21:34,-07:00,2025-05-10T16:21:34-07:00,0,0
style.css,344,css,00000000,Not Committed Yet,2025-05-10,16:21:34,-07:00,2025-05-10T16:21:34-07:00,0,12
style.css,345,css,00000000,Not Committed Yet,2025-05-10,16:21:34,-07:00,2025-05-10T16:21:34-07:00,0,9
style.css,346,css,00000000,Not Committed Yet,2025-05-10,16:21:34,-07:00,2025-05-10T16:21:34-07:00,0,0
style.css,347,css,00000000,Not Committed Yet,2025-05-10,16:21:34,-07:00,2025-05-10T16:21:34-07:00,0,0
style.css,348,css,00000000,Not Committed Yet,2025-05-10,16:21:34,-07:00,2025-05-10T16:21:34-07:00,0,25
style.css,349,css,00000000,Not Committed Yet,2025-05-10,16:21:34,-07:00,2025-05-10T16:21:34-07:00,0,3
style.css,350,css,00000000,Not Committed Yet,2025-05-10,16:21:34,-07:00,2025-05-10T16:21:34-07:00,0,33
style.css,351,css,00000000,Not Committed Yet,2025-05-10,16:21:34,-07:00,2025-05-10T16:21:34-07:00,0,0
style.css,352,css,00000000,Not Committed Yet,2025-05-10,16:21:34,-07:00,2025-05-10T16:21:34-07:00,0,0
style.css,353,css,00000000,Not Committed Yet,2025-05-10,16:21:34,-07:00,2025-05-10T16:21:34-07:00,0,0
style.css,354,css,00000000,Not Committed Yet,2025-05-10,16:21:34,-07:00,2025-05-10T16:21:34-07:00,0,11
style.css,355,css,00000000,Not Committed Yet,2025-05-10,16:21:34,-07:00,2025-05-10T16:21:34-07:00,0,17
style.css,356,css,00000000,Not Committed Yet,2025-05-10,16:21:34,-07:00,2025-05-10T16:21:34-07:00,0,13
style.css,357,css,00000000,Not Committed Yet,2025-05-10,16:21:34,-07:00,2025-05-10T16:21:34-07:00,0,19
style.css,358,css,00000000,Not Committed Yet,2025-05-10,16:21:34,-07:00,2025-05-10T16:21:34-07:00,0,21
style.css,359,css,00000000,Not Committed Yet,2025-05-10,16:21:34,-07:00,2025-05-10T16:21:34-07:00,0,43
style.css,360,css,00000000,Not Committed Yet,2025-05-10,16:21:34,-07:00,2025-05-10T16:21:34-07:00,0,0
style.css,361,css,00000000,Not Committed Yet,2025-05-10,16:21:34,-07:00,2025-05-10T16:21:34-07:00,0,0
style.css,362,css,00000000,Not Committed Yet,2025-05-10,16:21:34,-07:00,2025-05-10T16:21:34-07:00,0,16
style.css,363,css,00000000,Not Committed Yet,2025-05-10,16:21:34,-07:00,2025-05-10T16:21:34-07:00,0,13
style.css,364,css,00000000,Not Committed Yet,2025-05-10,16:21:34,-07:00,2025-05-10T16:21:34-07:00,0,0
style.css,365,css,00000000,Not Committed Yet,2025-05-10,16:21:34,-07:00,2025-05-10T16:21:34-07:00,0,0
style.css,366,css,00000000,Not Committed Yet,2025-05-10,16:21:34,-07:00,2025-05-10T16:21:34-07:00,0,20
style.css,367,css,00000000,Not Committed Yet,2025-05-10,16:21:34,-07:00,2025-05-10T16:21:34-07:00,0,13
style.css,368,css,00000000,Not Committed Yet,2025-05-10,16:21:34,-07:00,2025-05-10T16:21:34-07:00,0,34
style.css,369,css,00000000,Not Committed Yet,2025-05-10,16:21:34,-07:00,2025-05-10T16:21:34-07:00,0,18
style.css,370,css,00000000,Not Committed Yet,2025-05-10,16:21:34,-07:00,2025-05-10T16:21:34-07:00,0,60
style.css,371,css,00000000,Not Committed Yet,2025-05-10,16:21:34,-07:00,2025-05-10T16:21:34-07:00,0,15
style.css,372,css,00000000,Not Committed Yet,2025-05-10,16:21:34,-07:00,2025-05-10T16:21:34-07:00,0,0
style.css,373,css,00000000,Not Committed Yet,2025-05-10,16:21:34,-07:00,2025-05-10T16:21:34-07:00,0,0
style.css,374,css,00000000,Not Committed Yet,2025-05-10,16:21:34,-07:00,2025-05-10T16:21:34-07:00,0,23
style.css,375,css,00000000,Not Committed Yet,2025-05-10,16:21:34,-07:00,2025-05-10T16:21:34-07:00,0,16
style.css,376,css,00000000,Not Committed Yet,2025-05-10,16:21:34,-07:00,2025-05-10T16:21:34-07:00,0,19
style.css,377,css,00000000,Not Committed Yet,2025-05-10,16:21:34,-07:00,2025-05-10T16:21:34-07:00,0,0
style.css,378,css,00000000,Not Committed Yet,2025-05-10,16:21:34,-07:00,2025-05-10T16:21:34-07:00,0,0
style.css,379,css,00000000,Not Committed Yet,2025-05-10,16:21:34,-07:00,2025-05-10T16:21:34-07:00,0,23
style.css,380,css,00000000,Not Committed Yet,2025-05-10,16:21:34,-07:00,2025-05-10T16:21:34-07:00,0,9
style.css,381,css,00000000,Not Committed Yet,2025-05-10,16:21:34,-07:00,2025-05-10T16:21:34-07:00,0,0
style.css,382,css,00000000,Not Committed Yet,2025-05-10,16:21:34,-07:00,2025-05-10T16:21:34-07:00,0,0
style.css,383,css,00000000,Not Committed Yet,2025-05-10,16:21:34,-07:00,2025-05-10T16:21:34-07:00,0,0
resume.html,1,html,05ae4030,dkanodia,2025-04-03,23:12:25,-07:00,2025-04-03T23:12:25-07:00,0,14
resume.html,2,html,05ae4030,dkanodia,2025-04-03,23:12:25,-07:00,2025-04-03T23:12:25-07:00,0,15
resume.html,3,html,05ae4030,dkanodia,2025-04-03,23:12:25,-07:00,2025-04-03T23:12:25-07:00,0,5
resume.html,4,html,05ae4030,dkanodia,2025-04-03,23:12:25,-07:00,2025-04-03T23:12:25-07:00,0,21
resume.html,5,html,05ae4030,dkanodia,2025-04-03,23:12:25,-07:00,2025-04-03T23:12:25-07:00,0,69
resume.html,6,html,50f4f51c,dkanodia,2025-04-11,22:21:51,-07:00,2025-04-11T22:21:51-07:00,0,39
resume.html,7,html,8bcd6163,dkanodia,2025-04-18,20:02:15,-07:00,2025-04-18T20:02:15-07:00,0,47
resume.html,8,html,05ae4030,dkanodia,2025-04-03,23:12:25,-07:00,2025-04-03T23:12:25-07:00,0,22
resume.html,9,html,05ae4030,dkanodia,2025-04-03,23:12:25,-07:00,2025-04-03T23:12:25-07:00,0,6
resume.html,10,html,50f4f51c,dkanodia,2025-04-11,22:21:51,-07:00,2025-04-11T22:21:51-07:00,0,25
resume.html,11,html,8bcd6163,dkanodia,2025-04-18,20:02:15,-07:00,2025-04-18T20:02:15-07:00,0,0
resume.html,12,html,05ae4030,dkanodia,2025-04-03,23:12:25,-07:00,2025-04-03T23:12:25-07:00,0,19
resume.html,13,html,05ae4030,dkanodia,2025-04-03,23:12:25,-07:00,2025-04-03T23:12:25-07:00,0,7
resume.html,14,html,2dc89cfd,dkanodia,2025-04-04,18:31:48,-07:00,2025-04-04T18:31:48-07:00,0,35
resume.html,15,html,05ae4030,dkanodia,2025-04-03,23:12:25,-07:00,2025-04-03T23:12:25-07:00,0,8
resume.html,16,html,f11846eb,dkanodia,2025-04-04,18:13:33,-07:00,2025-04-04T18:13:33-07:00,0,28
resume.html,17,html,05ae4030,dkanodia,2025-04-03,23:12:25,-07:00,2025-04-03T23:12:25-07:00,0,9
resume.html,18,html,05ae4030,dkanodia,2025-04-03,23:12:25,-07:00,2025-04-03T23:12:25-07:00,0,0
resume.html,19,html,05ae4030,dkanodia,2025-04-03,23:12:25,-07:00,2025-04-03T23:12:25-07:00,0,24
resume.html,20,html,05ae4030,dkanodia,2025-04-03,23:12:25,-07:00,2025-04-03T23:12:25-07:00,0,7
resume.html,21,html,05ae4030,dkanodia,2025-04-03,23:12:25,-07:00,2025-04-03T23:12:25-07:00,0,23
resume.html,22,html,05ae4030,dkanodia,2025-04-03,23:12:25,-07:00,2025-04-03T23:12:25-07:00,0,8
resume.html,23,html,05ae4030,dkanodia,2025-04-03,23:12:25,-07:00,2025-04-03T23:12:25-07:00,0,8
resume.html,24,html,05ae4030,dkanodia,2025-04-03,23:12:25,-07:00,2025-04-03T23:12:25-07:00,0,7
resume.html,25,html,05ae4030,dkanodia,2025-04-03,23:12:25,-07:00,2025-04-03T23:12:25-07:00,0,32
resume.html,26,html,2dc89cfd,dkanodia,2025-04-04,18:31:48,-07:00,2025-04-04T18:31:48-07:00,0,99
resume.html,27,html,05ae4030,dkanodia,2025-04-03,23:12:25,-07:00,2025-04-03T23:12:25-07:00,0,8
resume.html,28,html,05ae4030,dkanodia,2025-04-03,23:12:25,-07:00,2025-04-03T23:12:25-07:00,0,161
resume.html,29,html,05ae4030,dkanodia,2025-04-03,23:12:25,-07:00,2025-04-03T23:12:25-07:00,0,9
resume.html,30,html,05ae4030,dkanodia,2025-04-03,23:12:25,-07:00,2025-04-03T23:12:25-07:00,0,8
resume.html,31,html,05ae4030,dkanodia,2025-04-03,23:12:25,-07:00,2025-04-03T23:12:25-07:00,0,7
resume.html,32,html,05ae4030,dkanodia,2025-04-03,23:12:25,-07:00,2025-04-03T23:12:25-07:00,0,27
resume.html,33,html,2dc89cfd,dkanodia,2025-04-04,18:31:48,-07:00,2025-04-04T18:31:48-07:00,0,99
resume.html,34,html,05ae4030,dkanodia,2025-04-03,23:12:25,-07:00,2025-04-03T23:12:25-07:00,0,8
resume.html,35,html,05ae4030,dkanodia,2025-04-03,23:12:25,-07:00,2025-04-03T23:12:25-07:00,0,152
resume.html,36,html,05ae4030,dkanodia,2025-04-03,23:12:25,-07:00,2025-04-03T23:12:25-07:00,0,9
resume.html,37,html,05ae4030,dkanodia,2025-04-03,23:12:25,-07:00,2025-04-03T23:12:25-07:00,0,9
resume.html,38,html,05ae4030,dkanodia,2025-04-03,23:12:25,-07:00,2025-04-03T23:12:25-07:00,0,0
resume.html,39,html,05ae4030,dkanodia,2025-04-03,23:12:25,-07:00,2025-04-03T23:12:25-07:00,0,23
resume.html,40,html,05ae4030,dkanodia,2025-04-03,23:12:25,-07:00,2025-04-03T23:12:25-07:00,0,7
resume.html,41,html,05ae4030,dkanodia,2025-04-03,23:12:25,-07:00,2025-04-03T23:12:25-07:00,0,17
resume.html,42,html,05ae4030,dkanodia,2025-04-03,23:12:25,-07:00,2025-04-03T23:12:25-07:00,0,8
resume.html,43,html,05ae4030,dkanodia,2025-04-03,23:12:25,-07:00,2025-04-03T23:12:25-07:00,0,8
resume.html,44,html,05ae4030,dkanodia,2025-04-03,23:12:25,-07:00,2025-04-03T23:12:25-07:00,0,7
resume.html,45,html,05ae4030,dkanodia,2025-04-03,23:12:25,-07:00,2025-04-03T23:12:25-07:00,0,66
resume.html,46,html,2dc89cfd,dkanodia,2025-04-04,18:31:48,-07:00,2025-04-04T18:31:48-07:00,0,65
resume.html,47,html,05ae4030,dkanodia,2025-04-03,23:12:25,-07:00,2025-04-03T23:12:25-07:00,0,41
resume.html,48,html,05ae4030,dkanodia,2025-04-03,23:12:25,-07:00,2025-04-03T23:12:25-07:00,0,8
resume.html,49,html,2dc89cfd,dkanodia,2025-04-04,18:31:48,-07:00,2025-04-04T18:31:48-07:00,0,72
resume.html,50,html,05ae4030,dkanodia,2025-04-03,23:12:25,-07:00,2025-04-03T23:12:25-07:00,0,9
resume.html,51,html,05ae4030,dkanodia,2025-04-03,23:12:25,-07:00,2025-04-03T23:12:25-07:00,0,9
resume.html,52,html,05ae4030,dkanodia,2025-04-03,23:12:25,-07:00,2025-04-03T23:12:25-07:00,0,0
resume.html,53,html,05ae4030,dkanodia,2025-04-03,23:12:25,-07:00,2025-04-03T23:12:25-07:00,0,20
resume.html,54,html,05ae4030,dkanodia,2025-04-03,23:12:25,-07:00,2025-04-03T23:12:25-07:00,0,7
resume.html,55,html,05ae4030,dkanodia,2025-04-03,23:12:25,-07:00,2025-04-03T23:12:25-07:00,0,14
resume.html,56,html,05ae4030,dkanodia,2025-04-03,23:12:25,-07:00,2025-04-03T23:12:25-07:00,0,8
resume.html,57,html,05ae4030,dkanodia,2025-04-03,23:12:25,-07:00,2025-04-03T23:12:25-07:00,0,3
resume.html,58,html,05ae4030,dkanodia,2025-04-03,23:12:25,-07:00,2025-04-03T23:12:25-07:00,0,44
resume.html,59,html,05ae4030,dkanodia,2025-04-03,23:12:25,-07:00,2025-04-03T23:12:25-07:00,0,45
resume.html,60,html,05ae4030,dkanodia,2025-04-03,23:12:25,-07:00,2025-04-03T23:12:25-07:00,0,41
resume.html,61,html,05ae4030,dkanodia,2025-04-03,23:12:25,-07:00,2025-04-03T23:12:25-07:00,0,50
resume.html,62,html,05ae4030,dkanodia,2025-04-03,23:12:25,-07:00,2025-04-03T23:12:25-07:00,0,4
resume.html,63,html,05ae4030,dkanodia,2025-04-03,23:12:25,-07:00,2025-04-03T23:12:25-07:00,0,9
resume.html,64,html,05ae4030,dkanodia,2025-04-03,23:12:25,-07:00,2025-04-03T23:12:25-07:00,0,6
resume.html,65,html,05ae4030,dkanodia,2025-04-03,23:12:25,-07:00,2025-04-03T23:12:25-07:00,0,6
index.js,1,js,a9c2b278,dkanodia,2025-04-25,17:51:21,-07:00,2025-04-25T17:51:21-07:00,0,72
index.js,2,js,a9c2b278,dkanodia,2025-04-25,17:51:21,-07:00,2025-04-25T17:51:21-07:00,0,0
index.js,3,js,a9c2b278,dkanodia,2025-04-25,17:51:21,-07:00,2025-04-25T17:51:21-07:00,0,53
index.js,4,js,a9c2b278,dkanodia,2025-04-25,17:51:21,-07:00,2025-04-25T17:51:21-07:00,0,21
index.js,5,js,a9c2b278,dkanodia,2025-04-25,17:51:21,-07:00,2025-04-25T17:51:21-07:00,0,43
index.js,6,js,a9c2b278,dkanodia,2025-04-25,17:51:21,-07:00,2025-04-25T17:51:21-07:00,0,61
index.js,7,js,a9c2b278,dkanodia,2025-04-25,17:51:21,-07:00,2025-04-25T17:51:21-07:00,0,0
index.js,8,js,a9c2b278,dkanodia,2025-04-25,17:51:21,-07:00,2025-04-25T17:51:21-07:00,0,55
index.js,9,js,a9c2b278,dkanodia,2025-04-25,17:51:21,-07:00,2025-04-25T17:51:21-07:00,0,0
index.js,10,js,a9c2b278,dkanodia,2025-04-25,17:51:21,-07:00,2025-04-25T17:51:21-07:00,0,61
index.js,11,js,a9c2b278,dkanodia,2025-04-25,17:51:21,-07:00,2025-04-25T17:51:21-07:00,0,0
index.js,12,js,a9c2b278,dkanodia,2025-04-25,17:51:21,-07:00,2025-04-25T17:51:21-07:00,0,32
index.js,13,js,a9c2b278,dkanodia,2025-04-25,17:51:21,-07:00,2025-04-25T17:51:21-07:00,0,4
index.js,14,js,a9c2b278,dkanodia,2025-04-25,17:51:21,-07:00,2025-04-25T17:51:21-07:00,0,52
index.js,15,js,a9c2b278,dkanodia,2025-04-25,17:51:21,-07:00,2025-04-25T17:51:21-07:00,0,0
index.js,16,js,a9c2b278,dkanodia,2025-04-25,17:51:21,-07:00,2025-04-25T17:51:21-07:00,0,18
index.js,17,js,a9c2b278,dkanodia,2025-04-25,17:51:21,-07:00,2025-04-25T17:51:21-07:00,0,25
index.js,18,js,a9c2b278,dkanodia,2025-04-25,17:51:21,-07:00,2025-04-25T17:51:21-07:00,0,85
index.js,19,js,a9c2b278,dkanodia,2025-04-25,17:51:21,-07:00,2025-04-25T17:51:21-07:00,0,55
index.js,20,js,a9c2b278,dkanodia,2025-04-25,17:51:21,-07:00,2025-04-25T17:51:21-07:00,0,55
index.js,21,js,a9c2b278,dkanodia,2025-04-25,17:51:21,-07:00,2025-04-25T17:51:21-07:00,0,49
index.js,22,js,a9c2b278,dkanodia,2025-04-25,17:51:21,-07:00,2025-04-25T17:51:21-07:00,0,49
index.js,23,js,a9c2b278,dkanodia,2025-04-25,17:51:21,-07:00,2025-04-25T17:51:21-07:00,0,4
index.js,24,js,a9c2b278,dkanodia,2025-04-25,17:51:21,-07:00,2025-04-25T17:51:21-07:00,0,1
index.js,25,js,a9c2b278,dkanodia,2025-04-25,17:51:21,-07:00,2025-04-25T17:51:21-07:00,0,0
index.js,26,js,a9c2b278,dkanodia,2025-04-25,17:51:21,-07:00,2025-04-25T17:51:21-07:00,0,14
index.js,27,js,a9c2b278,dkanodia,2025-04-25,17:51:21,-07:00,2025-04-25T17:51:21-07:00,0,50
index.js,28,js,a9c2b278,dkanodia,2025-04-25,17:51:21,-07:00,2025-04-25T17:51:21-07:00,0,56
index.js,29,js,a9c2b278,dkanodia,2025-04-25,17:51:21,-07:00,2025-04-25T17:51:21-07:00,0,0
index.js,30,js,a9c2b278,dkanodia,2025-04-25,17:51:21,-07:00,2025-04-25T17:51:21-07:00,0,0
index.js,31,js,a9c2b278,dkanodia,2025-04-25,17:51:21,-07:00,2025-04-25T17:51:21-07:00,0,0
index.js,32,js,a9c2b278,dkanodia,2025-04-25,17:51:21,-07:00,2025-04-25T17:51:21-07:00,0,16
index.html,1,html,6568efee,dkanodia,2025-04-02,21:34:56,-07:00,2025-04-02T21:34:56-07:00,0,14
index.html,2,html,6568efee,dkanodia,2025-04-02,21:34:56,-07:00,2025-04-02T21:34:56-07:00,0,15
index.html,3,html,6568efee,dkanodia,2025-04-02,21:34:56,-07:00,2025-04-02T21:34:56-07:00,0,5
index.html,4,html,6568efee,dkanodia,2025-04-02,21:34:56,-07:00,2025-04-02T21:34:56-07:00,0,21
index.html,5,html,6568efee,dkanodia,2025-04-02,21:34:56,-07:00,2025-04-02T21:34:56-07:00,0,69
index.html,6,html,bb034a18,dkanodia,2025-04-02,22:03:06,-07:00,2025-04-02T22:03:06-07:00,0,39
index.html,7,html,8bcd6163,dkanodia,2025-04-18,20:02:15,-07:00,2025-04-18T20:02:15-07:00,0,47
index.html,8,html,a9c2b278,dkanodia,2025-04-25,17:51:21,-07:00,2025-04-25T17:51:21-07:00,0,51
index.html,9,html,a9c2b278,dkanodia,2025-04-25,17:51:21,-07:00,2025-04-25T17:51:21-07:00,0,0
index.html,10,html,6568efee,dkanodia,2025-04-02,21:34:56,-07:00,2025-04-02T21:34:56-07:00,0,51
index.html,11,html,6568efee,dkanodia,2025-04-02,21:34:56,-07:00,2025-04-02T21:34:56-07:00,0,6
index.html,12,html,6568efee,dkanodia,2025-04-02,21:34:56,-07:00,2025-04-02T21:34:56-07:00,0,5
index.html,13,html,8bcd6163,dkanodia,2025-04-18,20:02:15,-07:00,2025-04-18T20:02:15-07:00,0,0
index.html,14,html,6568efee,dkanodia,2025-04-02,21:34:56,-07:00,2025-04-02T21:34:56-07:00,0,24
index.html,15,html,50f4f51c,dkanodia,2025-04-11,22:21:51,-07:00,2025-04-11T22:21:51-07:00,0,138
index.html,16,html,6568efee,dkanodia,2025-04-02,21:34:56,-07:00,2025-04-02T21:34:56-07:00,0,90
index.html,17,html,a9c2b278,dkanodia,2025-04-25,17:51:21,-07:00,2025-04-25T17:51:21-07:00,0,0
index.html,18,html,a9c2b278,dkanodia,2025-04-25,17:51:21,-07:00,2025-04-25T17:51:21-07:00,0,0
index.html,19,html,a9c2b278,dkanodia,2025-04-25,17:51:21,-07:00,2025-04-25T17:51:21-07:00,0,23
index.html,20,html,a9c2b278,dkanodia,2025-04-25,17:51:21,-07:00,2025-04-25T17:51:21-07:00,0,21
index.html,21,html,a9c2b278,dkanodia,2025-04-25,17:51:21,-07:00,2025-04-25T17:51:21-07:00,0,50
index.html,22,html,a9c2b278,dkanodia,2025-04-25,17:51:21,-07:00,2025-04-25T17:51:21-07:00,0,5
index.html,23,html,a9c2b278,dkanodia,2025-04-25,17:51:21,-07:00,2025-04-25T17:51:21-07:00,0,0
index.html,24,html,a9c2b278,dkanodia,2025-04-25,17:51:21,-07:00,2025-04-25T17:51:21-07:00,0,28
index.html,25,html,a9c2b278,dkanodia,2025-04-25,17:51:21,-07:00,2025-04-25T17:51:21-07:00,0,29
index.html,26,html,a9c2b278,dkanodia,2025-04-25,17:51:21,-07:00,2025-04-25T17:51:21-07:00,0,0
index.html,27,html,6568efee,dkanodia,2025-04-02,21:34:56,-07:00,2025-04-02T21:34:56-07:00,0,6
index.html,28,html,6568efee,dkanodia,2025-04-02,21:34:56,-07:00,2025-04-02T21:34:56-07:00,0,6
global.js,1,js,8bcd6163,dkanodia,2025-04-18,20:02:15,-07:00,2025-04-18T20:02:15-07:00,0,26
global.js,2,js,8bcd6163,dkanodia,2025-04-18,20:02:15,-07:00,2025-04-18T20:02:15-07:00,0,0
global.js,3,js,8bcd6163,dkanodia,2025-04-18,20:02:15,-07:00,2025-04-18T20:02:15-07:00,0,42
global.js,4,js,8bcd6163,dkanodia,2025-04-18,20:02:15,-07:00,2025-04-18T20:02:15-07:00,0,53
global.js,5,js,8bcd6163,dkanodia,2025-04-18,20:02:15,-07:00,2025-04-18T20:02:15-07:00,0,0
global.js,6,js,7e504df9,dkanodia,2025-04-18,20:10:09,-07:00,2025-04-18T20:10:09-07:00,0,0
global.js,7,js,8bcd6163,dkanodia,2025-04-18,20:02:15,-07:00,2025-04-18T20:02:15-07:00,0,29
global.js,8,js,8bcd6163,dkanodia,2025-04-18,20:02:15,-07:00,2025-04-18T20:02:15-07:00,0,0
global.js,9,js,8bcd6163,dkanodia,2025-04-18,20:02:15,-07:00,2025-04-18T20:02:15-07:00,0,34
global.js,10,js,8bcd6163,dkanodia,2025-04-18,20:02:15,-07:00,2025-04-18T20:02:15-07:00,0,72
global.js,11,js,8bcd6163,dkanodia,2025-04-18,20:02:15,-07:00,2025-04-18T20:02:15-07:00,0,4
global.js,12,js,8bcd6163,dkanodia,2025-04-18,20:02:15,-07:00,2025-04-18T20:02:15-07:00,0,20
global.js,13,js,8bcd6163,dkanodia,2025-04-18,20:02:15,-07:00,2025-04-18T20:02:15-07:00,0,41
global.js,14,js,8bcd6163,dkanodia,2025-04-18,20:02:15,-07:00,2025-04-18T20:02:15-07:00,0,3
global.js,15,js,8bcd6163,dkanodia,2025-04-18,20:02:15,-07:00,2025-04-18T20:02:15-07:00,0,0
global.js,16,js,8bcd6163,dkanodia,2025-04-18,20:02:15,-07:00,2025-04-18T20:02:15-07:00,0,89
global.js,17,js,8bcd6163,dkanodia,2025-04-18,20:02:15,-07:00,2025-04-18T20:02:15-07:00,0,4
global.js,18,js,8bcd6163,dkanodia,2025-04-18,20:02:15,-07:00,2025-04-18T20:02:15-07:00,0,42
global.js,19,js,8bcd6163,dkanodia,2025-04-18,20:02:15,-07:00,2025-04-18T20:02:15-07:00,0,0
global.js,20,js,8bcd6163,dkanodia,2025-04-18,20:02:15,-07:00,2025-04-18T20:02:15-07:00,0,12
global.js,21,js,8bcd6163,dkanodia,2025-04-18,20:02:15,-07:00,2025-04-18T20:02:15-07:00,0,26
global.js,22,js,8bcd6163,dkanodia,2025-04-18,20:02:15,-07:00,2025-04-18T20:02:15-07:00,0,39
global.js,23,js,8bcd6163,dkanodia,2025-04-18,20:02:15,-07:00,2025-04-18T20:02:15-07:00,0,37
global.js,24,js,8bcd6163,dkanodia,2025-04-18,20:02:15,-07:00,2025-04-18T20:02:15-07:00,0,39
global.js,25,js,00000000,Not Committed Yet,2025-05-10,16:21:34,-07:00,2025-05-10T16:21:34-07:00,0,31
global.js,26,js,8bcd6163,dkanodia,2025-04-18,20:02:15,-07:00,2025-04-18T20:02:15-07:00,0,54
global.js,27,js,8bcd6163,dkanodia,2025-04-18,20:02:15,-07:00,2025-04-18T20:02:15-07:00,0,1
global.js,28,js,8bcd6163,dkanodia,2025-04-18,20:02:15,-07:00,2025-04-18T20:02:15-07:00,0,0
global.js,29,js,8bcd6163,dkanodia,2025-04-18,20:02:15,-07:00,2025-04-18T20:02:15-07:00,0,39
global.js,30,js,8bcd6163,dkanodia,2025-04-18,20:02:15,-07:00,2025-04-18T20:02:15-07:00,0,26
global.js,31,js,8bcd6163,dkanodia,2025-04-18,20:02:15,-07:00,2025-04-18T20:02:15-07:00,0,0
global.js,32,js,8bcd6163,dkanodia,2025-04-18,20:02:15,-07:00,2025-04-18T20:02:15-07:00,0,21
global.js,33,js,8bcd6163,dkanodia,2025-04-18,20:02:15,-07:00,2025-04-18T20:02:15-07:00,0,15
global.js,34,js,8bcd6163,dkanodia,2025-04-18,20:02:15,-07:00,2025-04-18T20:02:15-07:00,0,19
global.js,35,js,8bcd6163,dkanodia,2025-04-18,20:02:15,-07:00,2025-04-18T20:02:15-07:00,0,0
global.js,36,js,8bcd6163,dkanodia,2025-04-18,20:02:15,-07:00,2025-04-18T20:02:15-07:00,0,53
global.js,37,js,8bcd6163,dkanodia,2025-04-18,20:02:15,-07:00,2025-04-18T20:02:15-07:00,0,0
global.js,38,js,8bcd6163,dkanodia,2025-04-18,20:02:15,-07:00,2025-04-18T20:02:15-07:00,0,35
global.js,39,js,8bcd6163,dkanodia,2025-04-18,20:02:15,-07:00,2025-04-18T20:02:15-07:00,0,12
global.js,40,js,8bcd6163,dkanodia,2025-04-18,20:02:15,-07:00,2025-04-18T20:02:15-07:00,0,21
global.js,41,js,8bcd6163,dkanodia,2025-04-18,20:02:15,-07:00,2025-04-18T20:02:15-07:00,0,0
global.js,42,js,8bcd6163,dkanodia,2025-04-18,20:02:15,-07:00,2025-04-18T20:02:15-07:00,0,28
global.js,43,js,8bcd6163,dkanodia,2025-04-18,20:02:15,-07:00,2025-04-18T20:02:15-07:00,0,18
global.js,44,js,8bcd6163,dkanodia,2025-04-18,20:02:15,-07:00,2025-04-18T20:02:15-07:00,0,9
global.js,45,js,8bcd6163,dkanodia,2025-04-18,20:02:15,-07:00,2025-04-18T20:02:15-07:00,0,60
global.js,46,js,8bcd6163,dkanodia,2025-04-18,20:02:15,-07:00,2025-04-18T20:02:15-07:00,0,1
global.js,47,js,8bcd6163,dkanodia,2025-04-18,20:02:15,-07:00,2025-04-18T20:02:15-07:00,0,0
global.js,48,js,8bcd6163,dkanodia,2025-04-18,20:02:15,-07:00,2025-04-18T20:02:15-07:00,0,17
global.js,49,js,8bcd6163,dkanodia,2025-04-18,20:02:15,-07:00,2025-04-18T20:02:15-07:00,0,8
global.js,50,js,8bcd6163,dkanodia,2025-04-18,20:02:15,-07:00,2025-04-18T20:02:15-07:00,0,23
global.js,51,js,8bcd6163,dkanodia,2025-04-18,20:02:15,-07:00,2025-04-18T20:02:15-07:00,0,1
global.js,52,js,8bcd6163,dkanodia,2025-04-18,20:02:15,-07:00,2025-04-18T20:02:15-07:00,0,0
global.js,53,js,8bcd6163,dkanodia,2025-04-18,20:02:15,-07:00,2025-04-18T20:02:15-07:00,0,13
global.js,54,js,8bcd6163,dkanodia,2025-04-18,20:02:15,-07:00,2025-04-18T20:02:15-07:00,0,0
global.js,55,js,8bcd6163,dkanodia,2025-04-18,20:02:15,-07:00,2025-04-18T20:02:15-07:00,0,0
global.js,56,js,8bcd6163,dkanodia,2025-04-18,20:02:15,-07:00,2025-04-18T20:02:15-07:00,0,27
global.js,57,js,8bcd6163,dkanodia,2025-04-18,20:02:15,-07:00,2025-04-18T20:02:15-07:00,0,32
global.js,58,js,8bcd6163,dkanodia,2025-04-18,20:02:15,-07:00,2025-04-18T20:02:15-07:00,0,12
global.js,59,js,8bcd6163,dkanodia,2025-04-18,20:02:15,-07:00,2025-04-18T20:02:15-07:00,0,0
global.js,60,js,8bcd6163,dkanodia,2025-04-18,20:02:15,-07:00,2025-04-18T20:02:15-07:00,0,27
global.js,61,js,8bcd6163,dkanodia,2025-04-18,20:02:15,-07:00,2025-04-18T20:02:15-07:00,0,5
global.js,62,js,8bcd6163,dkanodia,2025-04-18,20:02:15,-07:00,2025-04-18T20:02:15-07:00,0,7
global.js,63,js,8bcd6163,dkanodia,2025-04-18,20:02:15,-07:00,2025-04-18T20:02:15-07:00,0,44
global.js,64,js,8bcd6163,dkanodia,2025-04-18,20:02:15,-07:00,2025-04-18T20:02:15-07:00,0,35
global.js,65,js,8bcd6163,dkanodia,2025-04-18,20:02:15,-07:00,2025-04-18T20:02:15-07:00,0,33
global.js,66,js,8bcd6163,dkanodia,2025-04-18,20:02:15,-07:00,2025-04-18T20:02:15-07:00,0,8
global.js,67,js,8bcd6163,dkanodia,2025-04-18,20:02:15,-07:00,2025-04-18T20:02:15-07:00,0,7
global.js,68,js,8bcd6163,dkanodia,2025-04-18,20:02:15,-07:00,2025-04-18T20:02:15-07:00,0,0
global.js,69,js,8bcd6163,dkanodia,2025-04-18,20:02:15,-07:00,2025-04-18T20:02:15-07:00,0,1
global.js,70,js,8bcd6163,dkanodia,2025-04-18,20:02:15,-07:00,2025-04-18T20:02:15-07:00,0,0
global.js,71,js,8bcd6163,dkanodia,2025-04-18,20:02:15,-07:00,2025-04-18T20:02:15-07:00,0,30
global.js,72,js,8bcd6163,dkanodia,2025-04-18,20:02:15,-07:00,2025-04-18T20:02:15-07:00,0,32
global.js,73,js,8bcd6163,dkanodia,2025-04-18,20:02:15,-07:00,2025-04-18T20:02:15-07:00,0,66
global.js,74,js,8bcd6163,dkanodia,2025-04-18,20:02:15,-07:00,2025-04-18T20:02:15-07:00,0,0
global.js,75,js,8bcd6163,dkanodia,2025-04-18,20:02:15,-07:00,2025-04-18T20:02:15-07:00,0,0
global.js,76,js,8bcd6163,dkanodia,2025-04-18,20:02:15,-07:00,2025-04-18T20:02:15-07:00,0,22
global.js,77,js,8bcd6163,dkanodia,2025-04-18,20:02:15,-07:00,2025-04-18T20:02:15-07:00,0,61
global.js,78,js,8bcd6163,dkanodia,2025-04-18,20:02:15,-07:00,2025-04-18T20:02:15-07:00,0,0
global.js,79,js,8bcd6163,dkanodia,2025-04-18,20:02:15,-07:00,2025-04-18T20:02:15-07:00,0,20
global.js,80,js,8bcd6163,dkanodia,2025-04-18,20:02:15,-07:00,2025-04-18T20:02:15-07:00,0,50
global.js,81,js,8bcd6163,dkanodia,2025-04-18,20:02:15,-07:00,2025-04-18T20:02:15-07:00,0,33
global.js,82,js,8bcd6163,dkanodia,2025-04-18,20:02:15,-07:00,2025-04-18T20:02:15-07:00,0,22
global.js,83,js,8bcd6163,dkanodia,2025-04-18,20:02:15,-07:00,2025-04-18T20:02:15-07:00,0,33
global.js,84,js,8bcd6163,dkanodia,2025-04-18,20:02:15,-07:00,2025-04-18T20:02:15-07:00,0,2
global.js,85,js,8bcd6163,dkanodia,2025-04-18,20:02:15,-07:00,2025-04-18T20:02:15-07:00,0,0
global.js,86,js,8bcd6163,dkanodia,2025-04-18,20:02:15,-07:00,2025-04-18T20:02:15-07:00,0,34
global.js,87,js,8bcd6163,dkanodia,2025-04-18,20:02:15,-07:00,2025-04-18T20:02:15-07:00,0,35
global.js,88,js,8bcd6163,dkanodia,2025-04-18,20:02:15,-07:00,2025-04-18T20:02:15-07:00,0,40
global.js,89,js,8bcd6163,dkanodia,2025-04-18,20:02:15,-07:00,2025-04-18T20:02:15-07:00,0,39
global.js,90,js,8bcd6163,dkanodia,2025-04-18,20:02:15,-07:00,2025-04-18T20:02:15-07:00,0,0
global.js,91,js,a9c2b278,dkanodia,2025-04-25,17:51:21,-07:00,2025-04-25T17:51:21-07:00,0,0
global.js,92,js,a9c2b278,dkanodia,2025-04-25,17:51:21,-07:00,2025-04-25T17:51:21-07:00,0,37
global.js,93,js,a9c2b278,dkanodia,2025-04-25,17:51:21,-07:00,2025-04-25T17:51:21-07:00,0,4
global.js,94,js,a9c2b278,dkanodia,2025-04-25,17:51:21,-07:00,2025-04-25T17:51:21-07:00,0,40
global.js,95,js,a9c2b278,dkanodia,2025-04-25,17:51:21,-07:00,2025-04-25T17:51:21-07:00,0,33
global.js,96,js,a9c2b278,dkanodia,2025-04-25,17:51:21,-07:00,2025-04-25T17:51:21-07:00,0,18
global.js,97,js,a9c2b278,dkanodia,2025-04-25,17:51:21,-07:00,2025-04-25T17:51:21-07:00,0,67
global.js,98,js,a9c2b278,dkanodia,2025-04-25,17:51:21,-07:00,2025-04-25T17:51:21-07:00,0,0
global.js,99,js,a9c2b278,dkanodia,2025-04-25,17:51:21,-07:00,2025-04-25T17:51:21-07:00,0,34
global.js,100,js,a9c2b278,dkanodia,2025-04-25,17:51:21,-07:00,2025-04-25T17:51:21-07:00,0,11
global.js,101,js,a9c2b278,dkanodia,2025-04-25,17:51:21,-07:00,2025-04-25T17:51:21-07:00,0,16
global.js,102,js,a9c2b278,dkanodia,2025-04-25,17:51:21,-07:00,2025-04-25T17:51:21-07:00,0,60
global.js,103,js,a9c2b278,dkanodia,2025-04-25,17:51:21,-07:00,2025-04-25T17:51:21-07:00,0,0
global.js,104,js,a9c2b278,dkanodia,2025-04-25,17:51:21,-07:00,2025-04-25T17:51:21-07:00,0,0
global.js,105,js,a9c2b278,dkanodia,2025-04-25,17:51:21,-07:00,2025-04-25T17:51:21-07:00,0,0
global.js,106,js,a9c2b278,dkanodia,2025-04-25,17:51:21,-07:00,2025-04-25T17:51:21-07:00,0,80
global.js,107,js,a9c2b278,dkanodia,2025-04-25,17:51:21,-07:00,2025-04-25T17:51:21-07:00,0,27
global.js,108,js,a9c2b278,dkanodia,2025-04-25,17:51:21,-07:00,2025-04-25T17:51:21-07:00,0,48
global.js,109,js,a9c2b278,dkanodia,2025-04-25,17:51:21,-07:00,2025-04-25T17:51:21-07:00,0,67
global.js,110,js,a9c2b278,dkanodia,2025-04-25,17:51:21,-07:00,2025-04-25T17:51:21-07:00,0,6
global.js,111,js,a9c2b278,dkanodia,2025-04-25,17:51:21,-07:00,2025-04-25T17:51:21-07:00,0,0
global.js,112,js,a9c2b278,dkanodia,2025-04-25,17:51:21,-07:00,2025-04-25T17:51:21-07:00,0,0
global.js,113,js,a9c2b278,dkanodia,2025-04-25,17:51:21,-07:00,2025-04-25T17:51:21-07:00,0,43
global.js,114,js,a9c2b278,dkanodia,2025-04-25,17:51:21,-07:00,2025-04-25T17:51:21-07:00,0,58
global.js,115,js,a9c2b278,dkanodia,2025-04-25,17:51:21,-07:00,2025-04-25T17:51:21-07:00,0,43
global.js,116,js,a9c2b278,dkanodia,2025-04-25,17:51:21,-07:00,2025-04-25T17:51:21-07:00,0,75
global.js,117,js,a9c2b278,dkanodia,2025-04-25,17:51:21,-07:00,2025-04-25T17:51:21-07:00,0,19
global.js,118,js,a9c2b278,dkanodia,2025-04-25,17:51:21,-07:00,2025-04-25T17:51:21-07:00,0,0
global.js,119,js,a9c2b278,dkanodia,2025-04-25,17:51:21,-07:00,2025-04-25T17:51:21-07:00,0,0
global.js,120,js,a9c2b278,dkanodia,2025-04-25,17:51:21,-07:00,2025-04-25T17:51:21-07:00,0,63
global.js,121,js,a9c2b278,dkanodia,2025-04-25,17:51:21,-07:00,2025-04-25T17:51:21-07:00,0,63
global.js,122,js,a9c2b278,dkanodia,2025-04-25,17:51:21,-07:00,2025-04-25T17:51:21-07:00,0,19
global.js,123,js,a9c2b278,dkanodia,2025-04-25,17:51:21,-07:00,2025-04-25T17:51:21-07:00,0,49
global.js,124,js,a9c2b278,dkanodia,2025-04-25,17:51:21,-07:00,2025-04-25T17:51:21-07:00,0,57
global.js,125,js,a9c2b278,dkanodia,2025-04-25,17:51:21,-07:00,2025-04-25T17:51:21-07:00,0,0
global.js,126,js,a9c2b278,dkanodia,2025-04-25,17:51:21,-07:00,2025-04-25T17:51:21-07:00,0,0
global.js,127,js,a9c2b278,dkanodia,2025-04-25,17:51:21,-07:00,2025-04-25T17:51:21-07:00,0,50
global.js,128,js,a9c2b278,dkanodia,2025-04-25,17:51:21,-07:00,2025-04-25T17:51:21-07:00,0,31
global.js,129,js,a9c2b278,dkanodia,2025-04-25,17:51:21,-07:00,2025-04-25T17:51:21-07:00,0,0
global.js,130,js,a9c2b278,dkanodia,2025-04-25,17:51:21,-07:00,2025-04-25T17:51:21-07:00,0,41
global.js,131,js,a9c2b278,dkanodia,2025-04-25,17:51:21,-07:00,2025-04-25T17:51:21-07:00,0,55
global.js,132,js,a9c2b278,dkanodia,2025-04-25,17:51:21,-07:00,2025-04-25T17:51:21-07:00,0,43
global.js,133,js,a9c2b278,dkanodia,2025-04-25,17:51:21,-07:00,2025-04-25T17:51:21-07:00,0,57
global.js,134,js,a9c2b278,dkanodia,2025-04-25,17:51:21,-07:00,2025-04-25T17:51:21-07:00,0,37
global.js,135,js,a9c2b278,dkanodia,2025-04-25,17:51:21,-07:00,2025-04-25T17:51:21-07:00,0,6
global.js,136,js,a9c2b278,dkanodia,2025-04-25,17:51:21,-07:00,2025-04-25T17:51:21-07:00,0,0
global.js,137,js,a9c2b278,dkanodia,2025-04-25,17:51:21,-07:00,2025-04-25T17:51:21-07:00,0,0
global.js,138,js,a9c2b278,dkanodia,2025-04-25,17:51:21,-07:00,2025-04-25T17:51:21-07:00,0,21
global.js,139,js,a9c2b278,dkanodia,2025-04-25,17:51:21,-07:00,2025-04-25T17:51:21-07:00,0,28
global.js,140,js,a9c2b278,dkanodia,2025-04-25,17:51:21,-07:00,2025-04-25T17:51:21-07:00,0,49
global.js,141,js,a9c2b278,dkanodia,2025-04-25,17:51:21,-07:00,2025-04-25T17:51:21-07:00,0,0
global.js,142,js,a9c2b278,dkanodia,2025-04-25,17:51:21,-07:00,2025-04-25T17:51:21-07:00,0,30
global.js,143,js,a9c2b278,dkanodia,2025-04-25,17:51:21,-07:00,2025-04-25T17:51:21-07:00,0,49
global.js,144,js,a9c2b278,dkanodia,2025-04-25,17:51:21,-07:00,2025-04-25T17:51:21-07:00,0,92
global.js,145,js,a9c2b278,dkanodia,2025-04-25,17:51:21,-07:00,2025-04-25T17:51:21-07:00,0,69
global.js,146,js,0f2413f0,dkanodia,2025-05-03,00:46:32,-07:00,2025-05-03T00:46:32-07:00,0,38
global.js,147,js,f6d4e4ec,dkanodia,2025-05-02,23:34:55,-07:00,2025-05-02T23:34:55-07:00,0,0
global.js,148,js,a9c2b278,dkanodia,2025-04-25,17:51:21,-07:00,2025-04-25T17:51:21-07:00,0,20
global.js,149,js,a9c2b278,dkanodia,2025-04-25,17:51:21,-07:00,2025-04-25T17:51:21-07:00,0,42
global.js,150,js,a9c2b278,dkanodia,2025-04-25,17:51:21,-07:00,2025-04-25T17:51:21-07:00,0,34
global.js,151,js,0f2413f0,dkanodia,2025-05-03,00:46:32,-07:00,2025-05-03T00:46:32-07:00,0,73
global.js,152,js,a9c2b278,dkanodia,2025-04-25,17:51:21,-07:00,2025-04-25T17:51:21-07:00,0,20
global.js,153,js,0f2413f0,dkanodia,2025-05-03,00:46:32,-07:00,2025-05-03T00:46:32-07:00,0,16
global.js,154,js,0f2413f0,dkanodia,2025-05-03,00:46:32,-07:00,2025-05-03T00:46:32-07:00,0,5
global.js,155,js,a9c2b278,dkanodia,2025-04-25,17:51:21,-07:00,2025-04-25T17:51:21-07:00,0,1
global.js,156,js,a9c2b278,dkanodia,2025-04-25,17:51:21,-07:00,2025-04-25T17:51:21-07:00,0,0
global.js,157,js,a9c2b278,dkanodia,2025-04-25,17:51:21,-07:00,2025-04-25T17:51:21-07:00,0,37
global.js,158,js,a9c2b278,dkanodia,2025-04-25,17:51:21,-07:00,2025-04-25T17:51:21-07:00,0,2
global.js,159,js,a9c2b278,dkanodia,2025-04-25,17:51:21,-07:00,2025-04-25T17:51:21-07:00,0,0
global.js,160,js,a9c2b278,dkanodia,2025-04-25,17:51:21,-07:00,2025-04-25T17:51:21-07:00,0,0
global.js,161,js,a9c2b278,dkanodia,2025-04-25,17:51:21,-07:00,2025-04-25T17:51:21-07:00,0,48
global.js,162,js,a9c2b278,dkanodia,2025-04-25,17:51:21,-07:00,2025-04-25T17:51:21-07:00,0,60
global.js,163,js,a9c2b278,dkanodia,2025-04-25,17:51:21,-07:00,2025-04-25T17:51:21-07:00,0,0
projects/projects.js,1,js,a9c2b278,dkanodia,2025-04-25,17:51:21,-07:00,2025-04-25T17:51:21-07:00,0,56
projects/projects.js,2,js,972228be,dkanodia,2025-05-02,22:35:26,-07:00,2025-05-02T22:35:26-07:00,0,64
projects/projects.js,3,js,a9c2b278,dkanodia,2025-04-25,17:51:21,-07:00,2025-04-25T17:51:21-07:00,0,0
projects/projects.js,4,js,972228be,dkanodia,2025-05-02,22:35:26,-07:00,2025-05-02T22:35:26-07:00,0,58
projects/projects.js,5,js,a9c2b278,dkanodia,2025-04-25,17:51:21,-07:00,2025-04-25T17:51:21-07:00,0,0
projects/projects.js,6,js,0f2413f0,dkanodia,2025-05-03,00:46:32,-07:00,2025-05-03T00:46:32-07:00,0,23
projects/projects.js,7,js,0f2413f0,dkanodia,2025-05-03,00:46:32,-07:00,2025-05-03T00:46:32-07:00,0,13
projects/projects.js,8,js,0f2413f0,dkanodia,2025-05-03,00:46:32,-07:00,2025-05-03T00:46:32-07:00,0,21
projects/projects.js,9,js,0f2413f0,dkanodia,2025-05-03,00:46:32,-07:00,2025-05-03T00:46:32-07:00,0,2
projects/projects.js,10,js,0f2413f0,dkanodia,2025-05-03,00:46:32,-07:00,2025-05-03T00:46:32-07:00,0,0
projects/projects.js,11,js,0f2413f0,dkanodia,2025-05-03,00:46:32,-07:00,2025-05-03T00:46:32-07:00,0,66
projects/projects.js,12,js,972228be,dkanodia,2025-05-02,22:35:26,-07:00,2025-05-02T22:35:26-07:00,0,0
projects/projects.js,13,js,4c2318ea,dkanodia,2025-05-03,00:52:57,-07:00,2025-05-03T00:52:57-07:00,0,56
projects/projects.js,14,js,4c2318ea,dkanodia,2025-05-03,00:52:57,-07:00,2025-05-03T00:52:57-07:00,0,71
projects/projects.js,15,js,0f2413f0,dkanodia,2025-05-03,00:46:32,-07:00,2025-05-03T00:46:32-07:00,0,0
projects/projects.js,16,js,0f2413f0,dkanodia,2025-05-03,00:46:32,-07:00,2025-05-03T00:46:32-07:00,0,22
projects/projects.js,17,js,0f2413f0,dkanodia,2025-05-03,00:46:32,-07:00,2025-05-03T00:46:32-07:00,0,14
projects/projects.js,18,js,0f2413f0,dkanodia,2025-05-03,00:46:32,-07:00,2025-05-03T00:46:32-07:00,0,54
projects/projects.js,19,js,4c2318ea,dkanodia,2025-05-03,00:52:57,-07:00,2025-05-03T00:52:57-07:00,0,61
projects/projects.js,20,js,0f2413f0,dkanodia,2025-05-03,00:46:32,-07:00,2025-05-03T00:46:32-07:00,0,29
projects/projects.js,21,js,0f2413f0,dkanodia,2025-05-03,00:46:32,-07:00,2025-05-03T00:46:32-07:00,0,33
projects/projects.js,22,js,972228be,dkanodia,2025-05-02,22:35:26,-07:00,2025-05-02T22:35:26-07:00,0,0
projects/projects.js,23,js,0f2413f0,dkanodia,2025-05-03,00:46:32,-07:00,2025-05-03T00:46:32-07:00,0,30
projects/projects.js,24,js,0f2413f0,dkanodia,2025-05-03,00:46:32,-07:00,2025-05-03T00:46:32-07:00,0,39
projects/projects.js,25,js,0f2413f0,dkanodia,2025-05-03,00:46:32,-07:00,2025-05-03T00:46:32-07:00,0,26
projects/projects.js,26,js,0f2413f0,dkanodia,2025-05-03,00:46:32,-07:00,2025-05-03T00:46:32-07:00,0,30
projects/projects.js,27,js,972228be,dkanodia,2025-05-02,22:35:26,-07:00,2025-05-02T22:35:26-07:00,0,13
projects/projects.js,28,js,972228be,dkanodia,2025-05-02,22:35:26,-07:00,2025-05-02T22:35:26-07:00,0,15
projects/projects.js,29,js,0f2413f0,dkanodia,2025-05-03,00:46:32,-07:00,2025-05-03T00:46:32-07:00,0,13
projects/projects.js,30,js,972228be,dkanodia,2025-05-02,22:35:26,-07:00,2025-05-02T22:35:26-07:00,0,1
projects/projects.js,31,js,972228be,dkanodia,2025-05-02,22:35:26,-07:00,2025-05-02T22:35:26-07:00,0,0
projects/projects.js,32,js,0f2413f0,dkanodia,2025-05-03,00:46:32,-07:00,2025-05-03T00:46:32-07:00,0,19
projects/projects.js,33,js,0f2413f0,dkanodia,2025-05-03,00:46:32,-07:00,2025-05-03T00:46:32-07:00,0,51
projects/projects.js,34,js,0f2413f0,dkanodia,2025-05-03,00:46:32,-07:00,2025-05-03T00:46:32-07:00,0,36
projects/projects.js,35,js,0f2413f0,dkanodia,2025-05-03,00:46:32,-07:00,2025-05-03T00:46:32-07:00,0,2
projects/projects.js,36,js,0f2413f0,dkanodia,2025-05-03,00:46:32,-07:00,2025-05-03T00:46:32-07:00,0,0
projects/projects.js,37,js,0f2413f0,dkanodia,2025-05-03,00:46:32,-07:00,2025-05-03T00:46:32-07:00,0,43
projects/projects.js,38,js,0f2413f0,dkanodia,2025-05-03,00:46:32,-07:00,2025-05-03T00:46:32-07:00,0,54
projects/projects.js,39,js,0f2413f0,dkanodia,2025-05-03,00:46:32,-07:00,2025-05-03T00:46:32-07:00,0,43
projects/projects.js,40,js,0f2413f0,dkanodia,2025-05-03,00:46:32,-07:00,2025-05-03T00:46:32-07:00,0,52
projects/projects.js,41,js,972228be,dkanodia,2025-05-02,22:35:26,-07:00,2025-05-02T22:35:26-07:00,0,0
projects/projects.js,42,js,0f2413f0,dkanodia,2025-05-03,00:46:32,-07:00,2025-05-03T00:46:32-07:00,0,34
projects/projects.js,43,js,0f2413f0,dkanodia,2025-05-03,00:46:32,-07:00,2025-05-03T00:46:32-07:00,0,40
projects/projects.js,44,js,0f2413f0,dkanodia,2025-05-03,00:46:32,-07:00,2025-05-03T00:46:32-07:00,0,44
projects/projects.js,45,js,0f2413f0,dkanodia,2025-05-03,00:46:32,-07:00,2025-05-03T00:46:32-07:00,0,0
projects/projects.js,46,js,0f2413f0,dkanodia,2025-05-03,00:46:32,-07:00,2025-05-03T00:46:32-07:00,0,36
projects/projects.js,47,js,0f2413f0,dkanodia,2025-05-03,00:46:32,-07:00,2025-05-03T00:46:32-07:00,0,48
projects/projects.js,48,js,0f2413f0,dkanodia,2025-05-03,00:46:32,-07:00,2025-05-03T00:46:32-07:00,0,30
projects/projects.js,49,js,0f2413f0,dkanodia,2025-05-03,00:46:32,-07:00,2025-05-03T00:46:32-07:00,0,15
projects/projects.js,50,js,0f2413f0,dkanodia,2025-05-03,00:46:32,-07:00,2025-05-03T00:46:32-07:00,0,14
projects/projects.js,51,js,972228be,dkanodia,2025-05-02,22:35:26,-07:00,2025-05-02T22:35:26-07:00,0,14
projects/projects.js,52,js,972228be,dkanodia,2025-05-02,22:35:26,-07:00,2025-05-02T22:35:26-07:00,0,25
projects/projects.js,53,js,0f2413f0,dkanodia,2025-05-03,00:46:32,-07:00,2025-05-03T00:46:32-07:00,0,19
projects/projects.js,54,js,0f2413f0,dkanodia,2025-05-03,00:46:32,-07:00,2025-05-03T00:46:32-07:00,0,48
projects/projects.js,55,js,4c2318ea,dkanodia,2025-05-03,00:52:57,-07:00,2025-05-03T00:52:57-07:00,0,0
projects/projects.js,56,js,0f2413f0,dkanodia,2025-05-03,00:46:32,-07:00,2025-05-03T00:46:32-07:00,0,15
projects/projects.js,57,js,0f2413f0,dkanodia,2025-05-03,00:46:32,-07:00,2025-05-03T00:46:32-07:00,0,17
projects/projects.js,58,js,4c2318ea,dkanodia,2025-05-03,00:52:57,-07:00,2025-05-03T00:52:57-07:00,0,65
projects/projects.js,59,js,4c2318ea,dkanodia,2025-05-03,00:52:57,-07:00,2025-05-03T00:52:57-07:00,0,0
projects/projects.js,60,js,0f2413f0,dkanodia,2025-05-03,00:46:32,-07:00,2025-05-03T00:46:32-07:00,0,19
projects/projects.js,61,js,0f2413f0,dkanodia,2025-05-03,00:46:32,-07:00,2025-05-03T00:46:32-07:00,0,15
projects/projects.js,62,js,4c2318ea,dkanodia,2025-05-03,00:52:57,-07:00,2025-05-03T00:52:57-07:00,0,65
projects/projects.js,63,js,4c2318ea,dkanodia,2025-05-03,00:52:57,-07:00,2025-05-03T00:52:57-07:00,0,0
projects/projects.js,64,js,0f2413f0,dkanodia,2025-05-03,00:46:32,-07:00,2025-05-03T00:46:32-07:00,0,36
projects/projects.js,65,js,0f2413f0,dkanodia,2025-05-03,00:46:32,-07:00,2025-05-03T00:46:32-07:00,0,26
projects/projects.js,66,js,4c2318ea,dkanodia,2025-05-03,00:52:57,-07:00,2025-05-03T00:52:57-07:00,0,56
projects/projects.js,67,js,0f2413f0,dkanodia,2025-05-03,00:46:32,-07:00,2025-05-03T00:46:32-07:00,0,7
projects/projects.js,68,js,0f2413f0,dkanodia,2025-05-03,00:46:32,-07:00,2025-05-03T00:46:32-07:00,0,49
projects/projects.js,69,js,4c2318ea,dkanodia,2025-05-03,00:52:57,-07:00,2025-05-03T00:52:57-07:00,0,69
projects/projects.js,70,js,0f2413f0,dkanodia,2025-05-03,00:46:32,-07:00,2025-05-03T00:46:32-07:00,0,49
projects/projects.js,71,js,0f2413f0,dkanodia,2025-05-03,00:46:32,-07:00,2025-05-03T00:46:32-07:00,0,0
projects/projects.js,72,js,972228be,dkanodia,2025-05-02,22:35:26,-07:00,2025-05-02T22:35:26-07:00,0,2
projects/projects.js,73,js,972228be,dkanodia,2025-05-02,22:35:26,-07:00,2025-05-02T22:35:26-07:00,0,2
projects/projects.js,74,js,972228be,dkanodia,2025-05-02,22:35:26,-07:00,2025-05-02T22:35:26-07:00,0,0
projects/projects.js,75,js,0f2413f0,dkanodia,2025-05-03,00:46:32,-07:00,2025-05-03T00:46:32-07:00,0,19
projects/projects.js,76,js,0f2413f0,dkanodia,2025-05-03,00:46:32,-07:00,2025-05-03T00:46:32-07:00,0,33
projects/projects.js,77,js,0f2413f0,dkanodia,2025-05-03,00:46:32,-07:00,2025-05-03T00:46:32-07:00,0,28
projects/projects.js,78,js,0f2413f0,dkanodia,2025-05-03,00:46:32,-07:00,2025-05-03T00:46:32-07:00,0,5
projects/projects.js,79,js,0f2413f0,dkanodia,2025-05-03,00:46:32,-07:00,2025-05-03T00:46:32-07:00,0,12
projects/projects.js,80,js,972228be,dkanodia,2025-05-02,22:35:26,-07:00,2025-05-02T22:35:26-07:00,0,39
projects/projects.js,81,js,f6d4e4ec,dkanodia,2025-05-02,23:34:55,-07:00,2025-05-02T23:34:55-07:00,0,70
projects/projects.js,82,js,972228be,dkanodia,2025-05-02,22:35:26,-07:00,2025-05-02T22:35:26-07:00,0,2
projects/projects.js,83,js,972228be,dkanodia,2025-05-02,22:35:26,-07:00,2025-05-02T22:35:26-07:00,0,0
projects/projects.js,84,js,972228be,dkanodia,2025-05-02,22:35:26,-07:00,2025-05-02T22:35:26-07:00,0,0
projects/projects.js,85,js,0f2413f0,dkanodia,2025-05-03,00:46:32,-07:00,2025-05-03T00:46:32-07:00,0,31
projects/projects.js,86,js,0f2413f0,dkanodia,2025-05-03,00:46:32,-07:00,2025-05-03T00:46:32-07:00,0,49
projects/projects.js,87,js,0f2413f0,dkanodia,2025-05-03,00:46:32,-07:00,2025-05-03T00:46:32-07:00,0,20
projects/projects.js,88,js,0f2413f0,dkanodia,2025-05-03,00:46:32,-07:00,2025-05-03T00:46:32-07:00,0,26
projects/projects.js,89,js,f6d4e4ec,dkanodia,2025-05-02,23:34:55,-07:00,2025-05-02T23:34:55-07:00,0,0
projects/projects.js,90,js,0f2413f0,dkanodia,2025-05-03,00:46:32,-07:00,2025-05-03T00:46:32-07:00,0,17
projects/projects.js,91,js,0f2413f0,dkanodia,2025-05-03,00:46:32,-07:00,2025-05-03T00:46:32-07:00,0,52
projects/projects.js,92,js,0f2413f0,dkanodia,2025-05-03,00:46:32,-07:00,2025-05-03T00:46:32-07:00,0,60
projects/projects.js,93,js,0f2413f0,dkanodia,2025-05-03,00:46:32,-07:00,2025-05-03T00:46:32-07:00,0,43
projects/projects.js,94,js,0f2413f0,dkanodia,2025-05-03,00:46:32,-07:00,2025-05-03T00:46:32-07:00,0,2
projects/projects.js,95,js,f6d4e4ec,dkanodia,2025-05-02,23:34:55,-07:00,2025-05-02T23:34:55-07:00,0,0
projects/projects.js,96,js,4c2318ea,dkanodia,2025-05-03,00:52:57,-07:00,2025-05-03T00:52:57-07:00,0,30
projects/projects.js,97,js,4c2318ea,dkanodia,2025-05-03,00:52:57,-07:00,2025-05-03T00:52:57-07:00,0,34
projects/projects.js,98,js,4c2318ea,dkanodia,2025-05-03,00:52:57,-07:00,2025-05-03T00:52:57-07:00,0,0
projects/projects.js,99,js,4c2318ea,dkanodia,2025-05-03,00:52:57,-07:00,2025-05-03T00:52:57-07:00,0,36
projects/projects.js,100,js,4c2318ea,dkanodia,2025-05-03,00:52:57,-07:00,2025-05-03T00:52:57-07:00,0,18
projects/projects.js,101,js,4c2318ea,dkanodia,2025-05-03,00:52:57,-07:00,2025-05-03T00:52:57-07:00,0,0
projects/projects.js,102,js,0f2413f0,dkanodia,2025-05-03,00:46:32,-07:00,2025-05-03T00:46:32-07:00,0,40
projects/projects.js,103,js,972228be,dkanodia,2025-05-02,22:35:26,-07:00,2025-05-02T22:35:26-07:00,0,57
projects/projects.js,104,js,0f2413f0,dkanodia,2025-05-03,00:46:32,-07:00,2025-05-03T00:46:32-07:00,0,71
projects/projects.js,105,js,972228be,dkanodia,2025-05-02,22:35:26,-07:00,2025-05-02T22:35:26-07:00,0,2
projects/projects.js,106,js,a9c2b278,dkanodia,2025-04-25,17:51:21,-07:00,2025-04-25T17:51:21-07:00,0,0
projects/projects.js,107,js,972228be,dkanodia,2025-05-02,22:35:26,-07:00,2025-05-02T22:35:26-07:00,0,16
projects/projects.js,108,js,a9c2b278,dkanodia,2025-04-25,17:51:21,-07:00,2025-04-25T17:51:21-07:00,0,49
projects/projects.js,109,js,4c2318ea,dkanodia,2025-05-03,00:52:57,-07:00,2025-05-03T00:52:57-07:00,0,24
projects/projects.js,110,js,4c2318ea,dkanodia,2025-05-03,00:52:57,-07:00,2025-05-03T00:52:57-07:00,0,0
projects/index.html,1,html,bb034a18,dkanodia,2025-04-02,22:03:06,-07:00,2025-04-02T22:03:06-07:00,0,14
projects/index.html,2,html,bb034a18,dkanodia,2025-04-02,22:03:06,-07:00,2025-04-02T22:03:06-07:00,0,15
projects/index.html,3,html,bb034a18,dkanodia,2025-04-02,22:03:06,-07:00,2025-04-02T22:03:06-07:00,0,5
projects/index.html,4,html,bb034a18,dkanodia,2025-04-02,22:03:06,-07:00,2025-04-02T22:03:06-07:00,0,21
projects/index.html,5,html,bb034a18,dkanodia,2025-04-02,22:03:06,-07:00,2025-04-02T22:03:06-07:00,0,69
projects/index.html,6,html,8bcd6163,dkanodia,2025-04-18,20:02:15,-07:00,2025-04-18T20:02:15-07:00,0,42
projects/index.html,7,html,8bcd6163,dkanodia,2025-04-18,20:02:15,-07:00,2025-04-18T20:02:15-07:00,0,50
projects/index.html,8,html,a9c2b278,dkanodia,2025-04-25,17:51:21,-07:00,2025-04-25T17:51:21-07:00,0,49
projects/index.html,9,html,a9c2b278,dkanodia,2025-04-25,17:51:21,-07:00,2025-04-25T17:51:21-07:00,0,48
projects/index.html,10,html,a9c2b278,dkanodia,2025-04-25,17:51:21,-07:00,2025-04-25T17:51:21-07:00,0,22
projects/index.html,11,html,bb034a18,dkanodia,2025-04-02,22:03:06,-07:00,2025-04-02T22:03:06-07:00,0,6
projects/index.html,12,html,bb034a18,dkanodia,2025-04-02,22:03:06,-07:00,2025-04-02T22:03:06-07:00,0,5
projects/index.html,13,html,8bcd6163,dkanodia,2025-04-18,20:02:15,-07:00,2025-04-18T20:02:15-07:00,0,0
projects/index.html,14,html,f6d4e4ec,dkanodia,2025-05-02,23:34:55,-07:00,2025-05-02T23:34:55-07:00,0,84
projects/index.html,15,html,0f2413f0,dkanodia,2025-05-03,00:46:32,-07:00,2025-05-03T00:46:32-07:00,0,22
projects/index.html,16,html,0f2413f0,dkanodia,2025-05-03,00:46:32,-07:00,2025-05-03T00:46:32-07:00,0,49
projects/index.html,17,html,0f2413f0,dkanodia,2025-05-03,00:46:32,-07:00,2025-05-03T00:46:32-07:00,0,5
projects/index.html,18,html,0f2413f0,dkanodia,2025-05-03,00:46:32,-07:00,2025-05-03T00:46:32-07:00,0,23
projects/index.html,19,html,0f2413f0,dkanodia,2025-05-03,00:46:32,-07:00,2025-05-03T00:46:32-07:00,0,5
projects/index.html,20,html,0f2413f0,dkanodia,2025-05-03,00:46:32,-07:00,2025-05-03T00:46:32-07:00,0,0
projects/index.html,21,html,0f2413f0,dkanodia,2025-05-03,00:46:32,-07:00,2025-05-03T00:46:32-07:00,0,5
projects/index.html,22,html,0f2413f0,dkanodia,2025-05-03,00:46:32,-07:00,2025-05-03T00:46:32-07:00,0,16
projects/index.html,23,html,0f2413f0,dkanodia,2025-05-03,00:46:32,-07:00,2025-05-03T00:46:32-07:00,0,12
projects/index.html,24,html,0f2413f0,dkanodia,2025-05-03,00:46:32,-07:00,2025-05-03T00:46:32-07:00,0,27
projects/index.html,25,html,0f2413f0,dkanodia,2025-05-03,00:46:32,-07:00,2025-05-03T00:46:32-07:00,0,32
projects/index.html,26,html,0f2413f0,dkanodia,2025-05-03,00:46:32,-07:00,2025-05-03T00:46:32-07:00,0,1
projects/index.html,27,html,0f2413f0,dkanodia,2025-05-03,00:46:32,-07:00,2025-05-03T00:46:32-07:00,0,0
projects/index.html,28,html,a9c2b278,dkanodia,2025-04-25,17:51:21,-07:00,2025-04-25T17:51:21-07:00,0,21
projects/index.html,29,html,50f4f51c,dkanodia,2025-04-11,22:21:51,-07:00,2025-04-11T22:21:51-07:00,0,5
projects/index.html,30,html,0f2413f0,dkanodia,2025-05-03,00:46:32,-07:00,2025-05-03T00:46:32-07:00,0,0
projects/index.html,31,html,0f2413f0,dkanodia,2025-05-03,00:46:32,-07:00,2025-05-03T00:46:32-07:00,0,0
projects/index.html,32,html,a9c2b278,dkanodia,2025-04-25,17:51:21,-07:00,2025-04-25T17:51:21-07:00,0,0
projects/index.html,33,html,bb034a18,dkanodia,2025-04-02,22:03:06,-07:00,2025-04-02T22:03:06-07:00,0,6
projects/index.html,34,html,f6d4e4ec,dkanodia,2025-05-02,23:34:55,-07:00,2025-05-02T23:34:55-07:00,0,6
contact/index.html,1,html,bb034a18,dkanodia,2025-04-02,22:03:06,-07:00,2025-04-02T22:03:06-07:00,0,14
contact/index.html,2,html,bb034a18,dkanodia,2025-04-02,22:03:06,-07:00,2025-04-02T22:03:06-07:00,0,15
contact/index.html,3,html,bb034a18,dkanodia,2025-04-02,22:03:06,-07:00,2025-04-02T22:03:06-07:00,0,5
contact/index.html,4,html,bb034a18,dkanodia,2025-04-02,22:03:06,-07:00,2025-04-02T22:03:06-07:00,0,21
contact/index.html,5,html,bb034a18,dkanodia,2025-04-02,22:03:06,-07:00,2025-04-02T22:03:06-07:00,0,69
contact/index.html,6,html,50f4f51c,dkanodia,2025-04-11,22:21:51,-07:00,2025-04-11T22:21:51-07:00,0,42
contact/index.html,7,html,8bcd6163,dkanodia,2025-04-18,20:02:15,-07:00,2025-04-18T20:02:15-07:00,0,50
contact/index.html,8,html,bb034a18,dkanodia,2025-04-02,22:03:06,-07:00,2025-04-02T22:03:06-07:00,0,22
contact/index.html,9,html,bb034a18,dkanodia,2025-04-02,22:03:06,-07:00,2025-04-02T22:03:06-07:00,0,6
contact/index.html,10,html,bb034a18,dkanodia,2025-04-02,22:03:06,-07:00,2025-04-02T22:03:06-07:00,0,5
contact/index.html,11,html,8bcd6163,dkanodia,2025-04-18,20:02:15,-07:00,2025-04-18T20:02:15-07:00,0,0
contact/index.html,12,html,bb034a18,dkanodia,2025-04-02,22:03:06,-07:00,2025-04-02T22:03:06-07:00,0,15
contact/index.html,13,html,d694fad9,dkanodia,2025-04-04,19:05:29,-07:00,2025-04-04T19:05:29-07:00,0,73
contact/index.html,14,html,2f2f82e3,dkanodia,2025-04-03,22:06:30,-07:00,2025-04-03T22:06:30-07:00,0,6
contact/index.html,15,html,2f2f82e3,dkanodia,2025-04-03,22:06:30,-07:00,2025-04-03T22:06:30-07:00,0,5
contact/index.html,16,html,2f2f82e3,dkanodia,2025-04-03,22:06:30,-07:00,2025-04-03T22:06:30-07:00,0,58
contact/index.html,17,html,2f2f82e3,dkanodia,2025-04-03,22:06:30,-07:00,2025-04-03T22:06:30-07:00,0,7
contact/index.html,18,html,2f2f82e3,dkanodia,2025-04-03,22:06:30,-07:00,2025-04-03T22:06:30-07:00,0,6
contact/index.html,19,html,2f2f82e3,dkanodia,2025-04-03,22:06:30,-07:00,2025-04-03T22:06:30-07:00,0,7
contact/index.html,20,html,2f2f82e3,dkanodia,2025-04-03,22:06:30,-07:00,2025-04-03T22:06:30-07:00,0,35
contact/index.html,21,html,2f2f82e3,dkanodia,2025-04-03,22:06:30,-07:00,2025-04-03T22:06:30-07:00,0,7
contact/index.html,22,html,2f2f82e3,dkanodia,2025-04-03,22:06:30,-07:00,2025-04-03T22:06:30-07:00,0,6
contact/index.html,23,html,2f2f82e3,dkanodia,2025-04-03,22:06:30,-07:00,2025-04-03T22:06:30-07:00,0,7
contact/index.html,24,html,2f2f82e3,dkanodia,2025-04-03,22:06:30,-07:00,2025-04-03T22:06:30-07:00,0,37
contact/index.html,25,html,2f2f82e3,dkanodia,2025-04-03,22:06:30,-07:00,2025-04-03T22:06:30-07:00,0,7
contact/index.html,26,html,2f2f82e3,dkanodia,2025-04-03,22:06:30,-07:00,2025-04-03T22:06:30-07:00,0,22
contact/index.html,27,html,2f2f82e3,dkanodia,2025-04-03,22:06:30,-07:00,2025-04-03T22:06:30-07:00,0,6
contact/index.html,28,html,bb034a18,dkanodia,2025-04-02,22:03:06,-07:00,2025-04-02T22:03:06-07:00,0,6
contact/index.html,29,html,bb034a18,dkanodia,2025-04-02,22:03:06,-07:00,2025-04-02T22:03:06-07:00,0,6
